ac_year,state_code,state_name,district_code,district_name,block_code,block_name,sch_category_id,category_name,sch_mgmt_id,sch_mgmt_name,loc_name,caste_id,pre_primary_boys,pre_primary_girls,class_1_boys,class_2_boys,class_3_boys,class_4_boys,class_5_boys,class_6_boys,class_7_boys,class_8_boys,class_9_boys,class_10_boys,class_11_boys,class_12_boys,class_1_girls,class_2_girls,class_3_girls,class_4_girls,class_5_girls,class_6_girls,class_7_girls,class_8_girls,class_9_girls,class_10_girls,class_11_girls,class_12_girls,caste_name
2017-18,19,West Bengal,1901,DARJEELING,190137,DARJEELING_MUNICIPALITY,3,HSS (I-XII),4,Government Aided,Urban,1,0,0,0,0,0,0,0,0,0,0,0,0,0,0,0,0,0,0,0,0,0,0,0,0,0,0,General
2017-18,19,West Bengal,1901,DARJEELING,190129,DARJEELING_PULBAZAR_BLOCK,3,HSS (I-XII),5,Private Unaided (Recognized),Rural,1,0,0,0,0,0,0,0,0,0,0,0,0,0,0,0,0,0,0,0,0,0,0,0,0,0,0,General
2017-18,19,West Bengal,1901,DARJEELING,190130,RANGLI_RANGLIOT_BLOCK,3,HSS (I-XII),5,Private Unaided (Recognized),Rural,1,4,2,3,2,0,2,0,0,0,0,0,0,0,0,1,1,4,1,1,0,0,0,0,0,0,0,General
2017-18,19,West Bengal,1901,DARJEELING,190131,KURSEONG_BLOCK,3,HSS (I-XII),5,Private Unaided (Recognized),Rural,1,0,0,0,8,9,11,14,20,21,22,26,26,7,4,2,0,2,4,10,5,5,5,13,21,9,7,General
2017-18,19,West Bengal,1901,DARJEELING,190132,MIRIK_BLOCK,3,HSS (I-XII),5,Private Unaided (Recognized),Rural,1,0,0,2,3,5,4,4,2,3,7,12,19,3,7,4,4,1,3,5,3,5,8,6,5,0,2,General
2017-18,19,West Bengal,1901,DARJEELING,190137,DARJEELING_MUNICIPALITY,3,HSS (I-XII),5,Private Unaided (Recognized),Urban,1,0,0,11,10,10,12,17,29,16,11,13,7,45,25,47,37,53,48,61,61,62,65,72,74,62,61,General
2017-18,19,West Bengal,1901,DARJEELING,190139,KURSEONG_MUNICIPALITY,3,HSS (I-XII),5,Private Unaided (Recognized),Urban,1,0,0,0,0,0,0,0,0,0,0,0,0,0,0,0,0,0,0,0,0,0,0,0,0,0,0,General
2017-18,19,West Bengal,1901,DARJEELING,190140,MIRIK_MUNICIPALITY,3,HSS (I-XII),5,Private Unaided (Recognized),Urban,1,2,1,6,6,5,5,5,1,6,6,8,6,2,6,6,8,5,4,2,5,8,2,2,0,3,1,General
2017-18,19,West Bengal,1901,DARJEELING,190133,JOREBUNGLOW_SUKHIA_BLOCK,3,HSS (I-XII),92,Kendriya Vidyalaya / Central School,Rural,1,0,0,0,0,0,0,0,0,0,0,0,0,0,0,0,0,0,0,0,0,0,0,0,0,0,0,General
2017-18,19,West Bengal,1901,DARJEELING,190137,DARJEELING_MUNICIPALITY,3,HSS (I-XII),92,Kendriya Vidyalaya / Central School,Urban,1,0,0,0,0,0,0,0,0,0,0,0,0,0,0,0,0,0,0,0,0,0,0,0,0,0,0,General
2017-18,19,West Bengal,1901,DARJEELING,190129,DARJEELING_PULBAZAR_BLOCK,5,HSS (VI-XII),1,Department of Education,Rural,1,0,0,0,0,0,0,8,15,18,36,34,29,31,45,0,0,0,0,8,14,18,14,38,28,38,47,General
2017-18,19,West Bengal,1901,DARJEELING,190130,RANGLI_RANGLIOT_BLOCK,5,HSS (VI-XII),1,Department of Education,Rural,1,0,0,0,0,0,0,30,37,38,32,58,45,54,49,0,0,0,0,29,38,50,32,52,54,65,40,General
2017-18,19,West Bengal,1901,DARJEELING,190131,KURSEONG_BLOCK,5,HSS (VI-XII),1,Department of Education,Rural,1,0,0,0,0,0,0,21,26,39,36,40,31,40,43,0,0,0,0,26,26,26,41,48,45,31,33,General
2017-18,19,West Bengal,1901,DARJEELING,190132,MIRIK_BLOCK,5,HSS (VI-XII),1,Department of Education,Rural,1,0,0,0,0,0,0,6,10,20,19,21,24,21,20,0,0,0,0,9,20,14,16,26,28,28,26,General
2017-18,19,West Bengal,1901,DARJEELING,190133,JOREBUNGLOW_SUKHIA_BLOCK,5,HSS (VI-XII),1,Department of Education,Rural,1,0,0,0,0,0,0,8,14,20,17,37,28,29,43,0,0,0,0,55,73,68,69,79,64,34,59,General
2017-18,19,West Bengal,1901,DARJEELING,190137,DARJEELING_MUNICIPALITY,5,HSS (VI-XII),1,Department of Education,Urban,1,0,0,0,0,0,0,131,169,130,155,164,145,68,162,0,0,0,0,94,122,107,109,109,128,110,91,General
2017-18,19,West Bengal,1901,DARJEELING,190139,KURSEONG_MUNICIPALITY,5,HSS (VI-XII),1,Department of Education,Urban,1,0,0,0,0,0,0,9,9,10,8,22,16,27,47,0,0,0,0,32,61,55,51,59,54,44,33,General
2017-18,19,West Bengal,1901,DARJEELING,190140,MIRIK_MUNICIPALITY,5,HSS (VI-XII),1,Department of Education,Urban,1,0,0,0,0,0,0,0,0,0,0,0,0,0,0,0,0,0,0,0,0,0,0,0,0,0,0,General
2017-18,19,West Bengal,1901,DARJEELING,190137,DARJEELING_MUNICIPALITY,5,HSS (VI-XII),5,Private Unaided (Recognized),Rural,1,0,0,0,0,0,0,0,0,0,0,0,0,0,0,0,0,0,0,0,0,0,0,0,0,0,0,General
2017-18,19,West Bengal,1901,DARJEELING,190131,KURSEONG_BLOCK,11,HSS (XI-XII),1,Department of Education,Rural,1,0,0,0,0,0,0,0,0,0,0,0,0,9,6,0,0,0,0,0,0,0,0,0,0,4,7,General
2017-18,19,West Bengal,1901,DARJEELING,190139,KURSEONG_MUNICIPALITY,11,HSS (XI-XII),1,Department of Education,Urban,1,0,0,0,0,0,0,0,0,0,0,0,0,0,0,0,0,0,0,0,0,0,0,0,0,0,0,General
2017-18,19,West Bengal,1901,DARJEELING,190129,DARJEELING_PULBAZAR_BLOCK,1,PS (I-V),1,Department of Education,Rural,1,44,58,273,191,174,192,13,0,0,0,0,0,0,0,231,185,178,215,26,0,0,0,0,0,0,0,General
2017-18,19,West Bengal,1901,DARJEELING,190130,RANGLI_RANGLIOT_BLOCK,1,PS (I-V),1,Department of Education,Rural,1,49,56,106,75,73,60,5,0,0,0,0,0,0,0,82,59,58,62,12,0,0,0,0,0,0,0,General
2017-18,19,West Bengal,1901,DARJEELING,190131,KURSEONG_BLOCK,1,PS (I-V),1,Department of Education,Rural,1,31,37,157,84,57,75,13,0,0,0,0,0,0,0,117,68,62,75,2,0,0,0,0,0,0,0,General
2017-18,19,West Bengal,1901,DARJEELING,190132,MIRIK_BLOCK,1,PS (I-V),1,Department of Education,Rural,1,7,7,48,37,23,30,5,0,0,0,0,0,0,0,47,31,31,25,6,0,0,0,0,0,0,0,General
2017-18,19,West Bengal,1901,DARJEELING,190133,JOREBUNGLOW_SUKHIA_BLOCK,1,PS (I-V),1,Department of Education,Rural,1,72,76,145,106,98,93,7,0,0,0,0,0,0,0,141,96,91,92,4,0,0,0,0,0,0,0,General
2017-18,19,West Bengal,1901,DARJEELING,190137,DARJEELING_MUNICIPALITY,1,PS (I-V),1,Department of Education,Rural,1,4,1,0,0,0,0,0,0,0,0,0,0,0,0,0,0,0,1,0,0,0,0,0,0,0,0,General
2017-18,19,West Bengal,1901,DARJEELING,190129,DARJEELING_PULBAZAR_BLOCK,1,PS (I-V),1,Department of Education,Urban,1,1,1,4,4,5,4,0,0,0,0,0,0,0,0,6,4,4,6,0,0,0,0,0,0,0,0,General
2017-18,19,West Bengal,1901,DARJEELING,190133,JOREBUNGLOW_SUKHIA_BLOCK,1,PS (I-V),1,Department of Education,Urban,1,0,0,0,1,0,1,0,0,0,0,0,0,0,0,1,0,0,0,0,0,0,0,0,0,0,0,General
2017-18,19,West Bengal,1901,DARJEELING,190137,DARJEELING_MUNICIPALITY,1,PS (I-V),1,Department of Education,Urban,1,62,68,110,101,88,106,1,0,0,0,0,0,0,0,166,104,117,137,1,0,0,0,0,0,0,0,General
2017-18,19,West Bengal,1901,DARJEELING,190139,KURSEONG_MUNICIPALITY,1,PS (I-V),1,Department of Education,Urban,1,30,17,19,21,24,33,0,0,0,0,0,0,0,0,24,24,24,33,15,0,0,0,0,0,0,0,General
2017-18,19,West Bengal,1901,DARJEELING,190140,MIRIK_MUNICIPALITY,1,PS (I-V),1,Department of Education,Urban,1,0,0,7,3,7,6,0,0,0,0,0,0,0,0,5,3,7,4,0,0,0,0,0,0,0,0,General
2017-18,19,West Bengal,1901,DARJEELING,190129,DARJEELING_PULBAZAR_BLOCK,1,PS (I-V),5,Private Unaided (Recognized),Rural,1,17,19,9,11,16,10,6,0,0,0,0,0,0,0,8,5,13,6,5,0,0,0,0,0,0,0,General
2017-18,19,West Bengal,1901,DARJEELING,190130,RANGLI_RANGLIOT_BLOCK,1,PS (I-V),5,Private Unaided (Recognized),Rural,1,41,43,9,14,11,18,0,0,0,0,0,0,0,0,24,23,17,16,1,0,0,0,0,0,0,0,General
2017-18,19,West Bengal,1901,DARJEELING,190131,KURSEONG_BLOCK,1,PS (I-V),5,Private Unaided (Recognized),Rural,1,10,11,5,8,11,7,0,0,0,0,0,0,0,0,2,10,2,7,0,0,0,0,0,0,0,0,General
2017-18,19,West Bengal,1901,DARJEELING,190132,MIRIK_BLOCK,1,PS (I-V),5,Private Unaided (Recognized),Rural,1,0,0,0,0,0,0,0,0,0,0,0,0,0,0,0,0,0,0,0,0,0,0,0,0,0,0,General
2017-18,19,West Bengal,1901,DARJEELING,190133,JOREBUNGLOW_SUKHIA_BLOCK,1,PS (I-V),5,Private Unaided (Recognized),Rural,1,15,11,4,4,4,3,0,0,0,0,0,0,0,0,2,3,3,4,0,0,0,0,0,0,0,0,General
2017-18,19,West Bengal,1901,DARJEELING,190140,MIRIK_MUNICIPALITY,1,PS (I-V),5,Private Unaided (Recognized),Rural,1,5,1,4,7,3,11,4,0,0,0,0,0,0,0,3,4,5,4,1,0,0,0,0,0,0,0,General
2017-18,19,West Bengal,1901,DARJEELING,190129,DARJEELING_PULBAZAR_BLOCK,1,PS (I-V),5,Private Unaided (Recognized),Urban,1,1,0,1,2,0,2,1,0,0,0,0,0,0,0,0,0,0,0,0,0,0,0,0,0,0,0,General
2017-18,19,West Bengal,1901,DARJEELING,190137,DARJEELING_MUNICIPALITY,1,PS (I-V),5,Private Unaided (Recognized),Urban,1,65,55,13,13,24,23,0,0,0,0,0,0,0,0,19,19,13,7,3,0,0,0,0,0,0,0,General
2017-18,19,West Bengal,1901,DARJEELING,190139,KURSEONG_MUNICIPALITY,1,PS (I-V),5,Private Unaided (Recognized),Urban,1,0,0,0,0,0,0,0,0,0,0,0,0,0,0,0,0,0,0,0,0,0,0,0,0,0,0,General
2017-18,19,West Bengal,1901,DARJEELING,190140,MIRIK_MUNICIPALITY,1,PS (I-V),5,Private Unaided (Recognized),Urban,1,4,5,1,2,3,0,1,0,0,0,0,0,0,0,1,2,2,2,0,0,0,0,0,0,0,0,General
2017-18,19,West Bengal,1901,DARJEELING,190129,DARJEELING_PULBAZAR_BLOCK,1,PS (I-V),8,Unrecognized,Rural,1,0,0,2,1,1,0,0,0,0,0,0,0,0,0,1,0,0,2,0,0,0,0,0,0,0,0,General
2017-18,19,West Bengal,1901,DARJEELING,190137,DARJEELING_MUNICIPALITY,1,PS (I-V),92,Kendriya Vidyalaya / Central School,Urban,1,20,21,5,3,4,4,0,0,0,0,0,0,0,0,4,1,1,0,0,0,0,0,0,0,0,0,General
2017-18,19,West Bengal,1901,DARJEELING,190131,KURSEONG_BLOCK,6,SS (I-X),1,Department of Education,Rural,1,0,0,0,0,0,0,3,2,3,1,0,0,0,0,0,0,0,0,4,4,1,2,0,0,0,0,General
2017-18,19,West Bengal,1901,DARJEELING,190139,KURSEONG_MUNICIPALITY,6,SS (I-X),1,Department of Education,Urban,1,10,5,10,12,15,0,0,0,0,0,0,0,0,0,11,14,11,22,29,25,24,25,32,21,0,0,General
2017-18,19,West Bengal,1901,DARJEELING,190129,DARJEELING_PULBAZAR_BLOCK,6,SS (I-X),5,Private Unaided (Recognized),Rural,1,57,46,20,24,13,17,26,16,18,10,8,9,0,0,17,15,14,12,21,17,19,17,21,7,0,0,General
2017-18,19,West Bengal,1901,DARJEELING,190130,RANGLI_RANGLIOT_BLOCK,6,SS (I-X),5,Private Unaided (Recognized),Rural,1,17,9,7,4,3,1,0,6,7,2,6,6,0,0,2,2,3,1,6,5,1,2,1,0,0,0,General
2017-18,19,West Bengal,1901,DARJEELING,190131,KURSEONG_BLOCK,6,SS (I-X),5,Private Unaided (Recognized),Rural,1,8,8,11,8,9,6,16,12,16,13,6,3,0,0,10,14,6,12,12,10,16,15,9,4,0,0,General
2017-18,19,West Bengal,1901,DARJEELING,190132,MIRIK_BLOCK,6,SS (I-X),5,Private Unaided (Recognized),Rural,1,0,0,9,12,11,12,19,18,19,8,17,17,0,0,9,6,6,12,17,15,20,20,12,19,0,0,General
2017-18,19,West Bengal,1901,DARJEELING,190133,JOREBUNGLOW_SUKHIA_BLOCK,6,SS (I-X),5,Private Unaided (Recognized),Rural,1,17,18,11,4,2,5,8,7,8,7,7,2,0,0,8,5,6,2,7,5,6,9,7,6,0,0,General
2017-18,19,West Bengal,1901,DARJEELING,190139,KURSEONG_MUNICIPALITY,6,SS (I-X),5,Private Unaided (Recognized),Rural,1,0,0,0,0,0,0,0,0,0,0,0,0,0,0,0,0,0,0,0,0,0,0,0,0,0,0,General
2017-18,19,West Bengal,1901,DARJEELING,190137,DARJEELING_MUNICIPALITY,6,SS (I-X),5,Private Unaided (Recognized),Urban,1,0,0,0,0,0,0,0,0,0,0,0,0,0,0,0,0,0,0,0,0,0,0,0,0,0,0,General
2017-18,19,West Bengal,1901,DARJEELING,190139,KURSEONG_MUNICIPALITY,6,SS (I-X),5,Private Unaided (Recognized),Urban,1,0,0,0,0,0,0,0,0,0,0,0,0,0,0,0,0,0,0,0,0,0,0,0,0,0,0,General
2017-18,19,West Bengal,1901,DARJEELING,190140,MIRIK_MUNICIPALITY,6,SS (I-X),5,Private Unaided (Recognized),Urban,1,0,0,11,5,8,13,14,14,12,16,10,11,0,0,15,6,6,10,11,14,12,14,9,8,0,0,General
2017-18,19,West Bengal,1901,DARJEELING,190133,JOREBUNGLOW_SUKHIA_BLOCK,6,SS (I-X),8,Unrecognized,Rural,1,0,0,5,3,6,2,5,4,5,3,3,0,0,0,4,5,6,3,6,2,4,2,3,1,0,0,General
2017-18,19,West Bengal,1901,DARJEELING,190129,DARJEELING_PULBAZAR_BLOCK,7,SS (VI-X),1,Department of Education,Rural,1,0,0,0,0,0,0,64,82,82,83,23,18,0,0,0,0,0,0,35,52,56,48,22,25,0,0,General
2017-18,19,West Bengal,1901,DARJEELING,190130,RANGLI_RANGLIOT_BLOCK,7,SS (VI-X),1,Department of Education,Rural,1,0,0,0,0,0,0,42,57,69,61,8,6,0,0,0,0,0,0,28,47,35,31,6,4,0,0,General
2017-18,19,West Bengal,1901,DARJEELING,190131,KURSEONG_BLOCK,7,SS (VI-X),1,Department of Education,Rural,1,0,0,0,0,0,0,16,9,10,17,7,7,0,0,0,0,0,0,13,7,12,9,10,8,0,0,General
2017-18,19,West Bengal,1901,DARJEELING,190132,MIRIK_BLOCK,7,SS (VI-X),1,Department of Education,Rural,1,0,0,0,0,0,0,14,12,21,23,4,6,0,0,0,0,0,0,12,9,15,13,8,5,0,0,General
2017-18,19,West Bengal,1901,DARJEELING,190133,JOREBUNGLOW_SUKHIA_BLOCK,7,SS (VI-X),1,Department of Education,Rural,1,0,0,0,0,0,0,80,85,96,91,29,22,0,0,0,0,0,0,55,59,76,74,30,39,0,0,General
2017-18,19,West Bengal,1901,DARJEELING,190137,DARJEELING_MUNICIPALITY,7,SS (VI-X),1,Department of Education,Urban,1,0,0,0,0,0,0,23,19,26,16,23,16,0,0,0,0,0,0,14,19,16,23,40,29,0,0,General
2017-18,19,West Bengal,1901,DARJEELING,190139,KURSEONG_MUNICIPALITY,7,SS (VI-X),1,Department of Education,Urban,1,0,0,0,0,0,0,0,0,0,0,0,0,0,0,0,0,0,0,2,2,0,2,0,0,0,0,General
2017-18,19,West Bengal,1901,DARJEELING,190129,DARJEELING_PULBAZAR_BLOCK,7,SS (VI-X),5,Private Unaided (Recognized),Rural,1,0,0,0,0,0,0,0,0,0,0,0,0,0,0,0,0,0,0,0,0,0,0,0,0,0,0,General
2017-18,19,West Bengal,1901,DARJEELING,190130,RANGLI_RANGLIOT_BLOCK,7,SS (VI-X),5,Private Unaided (Recognized),Rural,1,0,0,0,0,0,0,0,1,1,0,0,0,0,0,0,0,0,0,3,0,0,0,0,0,0,0,General
2017-18,19,West Bengal,1901,DARJEELING,190131,KURSEONG_BLOCK,7,SS (VI-X),5,Private Unaided (Recognized),Rural,1,0,0,0,0,0,0,1,1,4,7,0,0,0,0,0,0,0,0,2,0,2,4,0,0,0,0,General
2017-18,19,West Bengal,1901,DARJEELING,190133,JOREBUNGLOW_SUKHIA_BLOCK,7,SS (VI-X),5,Private Unaided (Recognized),Rural,1,0,0,0,0,0,0,1,1,1,1,2,0,0,0,0,0,0,0,0,1,1,1,2,0,0,0,General
2017-18,19,West Bengal,1901,DARJEELING,190137,DARJEELING_MUNICIPALITY,7,SS (VI-X),5,Private Unaided (Recognized),Urban,1,0,0,0,0,0,0,0,0,0,0,0,0,0,0,0,0,0,0,0,0,0,0,0,0,0,0,General
2017-18,19,West Bengal,1901,DARJEELING,190133,JOREBUNGLOW_SUKHIA_BLOCK,7,SS (VI-X),92,Kendriya Vidyalaya / Central School,Rural,1,0,0,0,0,0,0,0,0,0,0,0,0,0,0,0,0,0,0,0,0,0,0,0,0,0,0,General
2017-18,19,West Bengal,1901,DARJEELING,190129,DARJEELING_PULBAZAR_BLOCK,2,UPS (I-VIII),1,Department of Education,Rural,1,0,0,0,0,0,0,3,3,1,0,0,0,0,0,0,0,0,0,2,4,4,0,0,0,0,0,General
2017-18,19,West Bengal,1901,DARJEELING,190130,RANGLI_RANGLIOT_BLOCK,2,UPS (I-VIII),1,Department of Education,Rural,1,0,0,0,0,0,0,1,2,0,0,0,0,0,0,0,0,0,0,3,2,2,0,0,0,0,0,General
2017-18,19,West Bengal,1901,DARJEELING,190137,DARJEELING_MUNICIPALITY,2,UPS (I-VIII),1,Department of Education,Urban,1,0,0,0,0,0,0,0,0,0,0,0,0,0,0,0,0,0,0,0,0,0,0,0,0,0,0,General
2017-18,19,West Bengal,1901,DARJEELING,190129,DARJEELING_PULBAZAR_BLOCK,2,UPS (I-VIII),5,Private Unaided (Recognized),Rural,1,12,5,4,2,5,4,3,5,1,0,0,0,0,0,4,5,5,2,6,2,3,0,0,0,0,0,General
2017-18,19,West Bengal,1901,DARJEELING,190130,RANGLI_RANGLIOT_BLOCK,2,UPS (I-VIII),5,Private Unaided (Recognized),Rural,1,0,5,0,0,0,6,0,2,0,1,0,0,0,0,1,1,1,1,0,0,1,0,0,0,0,0,General
2017-18,19,West Bengal,1901,DARJEELING,190131,KURSEONG_BLOCK,2,UPS (I-VIII),5,Private Unaided (Recognized),Rural,1,0,0,0,0,0,0,0,0,0,0,0,0,0,0,0,0,0,0,0,0,0,0,0,0,0,0,General
2017-18,19,West Bengal,1901,DARJEELING,190132,MIRIK_BLOCK,2,UPS (I-VIII),5,Private Unaided (Recognized),Rural,1,1,1,2,0,2,0,0,0,0,0,0,0,0,0,0,3,0,0,0,0,0,0,0,0,0,0,General
2017-18,19,West Bengal,1901,DARJEELING,190133,JOREBUNGLOW_SUKHIA_BLOCK,2,UPS (I-VIII),5,Private Unaided (Recognized),Rural,1,0,0,0,0,0,0,0,0,0,0,0,0,0,0,0,0,0,0,0,0,0,0,0,0,0,0,General
2017-18,19,West Bengal,1901,DARJEELING,190137,DARJEELING_MUNICIPALITY,2,UPS (I-VIII),5,Private Unaided (Recognized),Rural,1,0,0,0,0,0,0,0,0,0,0,0,0,0,0,0,0,0,0,0,0,0,0,0,0,0,0,General
2017-18,19,West Bengal,1901,DARJEELING,190129,DARJEELING_PULBAZAR_BLOCK,2,UPS (I-VIII),5,Private Unaided (Recognized),Urban,1,0,0,0,0,0,0,0,0,0,0,0,0,0,0,0,0,0,0,0,0,0,0,0,0,0,0,General
2017-18,19,West Bengal,1901,DARJEELING,190137,DARJEELING_MUNICIPALITY,2,UPS (I-VIII),5,Private Unaided (Recognized),Urban,1,5,5,0,2,1,5,1,0,0,0,0,0,0,0,2,1,2,0,1,0,0,0,0,0,0,0,General
2017-18,19,West Bengal,1901,DARJEELING,190139,KURSEONG_MUNICIPALITY,2,UPS (I-VIII),5,Private Unaided (Recognized),Urban,1,0,0,0,0,0,0,0,0,0,0,0,0,0,0,0,0,0,0,0,0,0,0,0,0,0,0,General
2017-18,19,West Bengal,1901,DARJEELING,190129,DARJEELING_PULBAZAR_BLOCK,4,UPS (VI-VIII),1,Department of Education,Rural,1,0,0,0,0,0,0,0,0,0,0,0,0,0,0,0,0,0,0,0,0,0,0,0,0,0,0,General
2017-18,19,West Bengal,1901,DARJEELING,190131,KURSEONG_BLOCK,4,UPS (VI-VIII),1,Department of Education,Rural,1,0,0,0,0,0,0,0,0,0,0,0,0,0,0,0,0,0,0,0,0,0,0,0,0,0,0,General
2017-18,19,West Bengal,1901,DARJEELING,190132,MIRIK_BLOCK,4,UPS (VI-VIII),1,Department of Education,Rural,1,0,0,0,0,0,0,0,0,0,0,0,0,0,0,0,0,0,0,0,0,0,0,0,0,0,0,General
2017-18,19,West Bengal,1901,DARJEELING,190137,DARJEELING_MUNICIPALITY,4,UPS (VI-VIII),1,Department of Education,Urban,1,0,0,0,0,0,0,0,0,0,0,0,0,0,0,0,0,0,0,0,0,0,0,0,0,0,0,General
2017-18,19,West Bengal,1901,DARJEELING,190129,DARJEELING_PULBAZAR_BLOCK,4,UPS (VI-VIII),5,Private Unaided (Recognized),Rural,1,0,0,0,0,0,0,0,0,0,0,0,0,0,0,0,0,0,0,0,0,0,0,0,0,0,0,General
2017-18,19,West Bengal,1901,DARJEELING,190131,KURSEONG_BLOCK,4,UPS (VI-VIII),5,Private Unaided (Recognized),Rural,1,0,0,0,0,0,0,0,0,0,0,0,0,0,0,0,0,0,0,0,0,0,0,0,0,0,0,General
2017-18,19,West Bengal,1901,DARJEELING,190132,MIRIK_BLOCK,4,UPS (VI-VIII),5,Private Unaided (Recognized),Rural,1,0,0,0,0,0,0,0,0,0,0,0,0,0,0,0,0,0,0,0,0,0,0,0,0,0,0,General
2017-18,19,West Bengal,1901,DARJEELING,190140,MIRIK_MUNICIPALITY,4,UPS (VI-VIII),5,Private Unaided (Recognized),Urban,1,0,0,0,0,0,0,0,0,0,0,0,0,0,0,0,0,0,0,0,0,0,0,0,0,0,0,General
2017-18,19,West Bengal,1901,DARJEELING,190133,JOREBUNGLOW_SUKHIA_BLOCK,4,UPS (VI-VIII),8,Unrecognized,Rural,1,0,0,0,0,0,0,0,0,0,0,0,0,0,0,0,0,0,0,0,0,0,0,0,0,0,0,General
2017-18,19,West Bengal,1901,DARJEELING,190137,DARJEELING_MUNICIPALITY,3,HSS (I-XII),4,Government Aided,Urban,2,0,0,0,0,0,0,0,0,0,0,0,0,0,0,0,0,0,0,0,0,0,0,0,0,0,0,SC
2017-18,19,West Bengal,1901,DARJEELING,190129,DARJEELING_PULBAZAR_BLOCK,3,HSS (I-XII),5,Private Unaided (Recognized),Rural,2,0,0,0,0,0,0,0,0,0,0,0,0,0,0,0,0,0,0,0,0,0,0,0,0,0,0,SC
2017-18,19,West Bengal,1901,DARJEELING,190130,RANGLI_RANGLIOT_BLOCK,3,HSS (I-XII),5,Private Unaided (Recognized),Rural,2,0,2,0,1,0,0,0,0,0,0,0,0,0,0,0,1,1,1,0,0,0,0,0,0,0,0,SC
2017-18,19,West Bengal,1901,DARJEELING,190131,KURSEONG_BLOCK,3,HSS (I-XII),5,Private Unaided (Recognized),Rural,2,1,1,1,1,2,2,2,1,5,1,3,1,2,1,2,1,1,2,0,3,1,1,1,2,1,1,SC
2017-18,19,West Bengal,1901,DARJEELING,190132,MIRIK_BLOCK,3,HSS (I-XII),5,Private Unaided (Recognized),Rural,2,0,0,1,1,2,0,0,2,4,1,1,2,2,2,0,3,0,2,1,1,0,0,1,3,2,2,SC
2017-18,19,West Bengal,1901,DARJEELING,190137,DARJEELING_MUNICIPALITY,3,HSS (I-XII),5,Private Unaided (Recognized),Urban,2,0,0,1,2,4,1,4,2,6,2,1,2,14,2,8,8,12,6,16,11,13,11,6,9,23,13,SC
2017-18,19,West Bengal,1901,DARJEELING,190139,KURSEONG_MUNICIPALITY,3,HSS (I-XII),5,Private Unaided (Recognized),Urban,2,0,0,0,0,0,0,0,0,0,0,0,0,0,0,0,0,0,0,0,0,0,0,0,0,0,0,SC
2017-18,19,West Bengal,1901,DARJEELING,190140,MIRIK_MUNICIPALITY,3,HSS (I-XII),5,Private Unaided (Recognized),Urban,2,4,1,4,1,1,0,3,3,2,1,0,1,3,2,5,1,3,4,4,0,1,5,2,0,0,3,SC
2017-18,19,West Bengal,1901,DARJEELING,190133,JOREBUNGLOW_SUKHIA_BLOCK,3,HSS (I-XII),92,Kendriya Vidyalaya / Central School,Rural,2,0,0,0,0,0,0,0,0,0,0,0,0,0,0,0,0,0,0,0,0,0,0,0,0,0,0,SC
2017-18,19,West Bengal,1901,DARJEELING,190137,DARJEELING_MUNICIPALITY,3,HSS (I-XII),92,Kendriya Vidyalaya / Central School,Urban,2,0,0,0,0,0,0,0,0,0,0,0,0,0,0,0,0,0,0,0,0,0,0,0,0,0,0,SC
2017-18,19,West Bengal,1901,DARJEELING,190129,DARJEELING_PULBAZAR_BLOCK,5,HSS (VI-XII),1,Department of Education,Rural,2,0,0,0,0,0,0,5,13,5,13,11,13,8,11,0,0,0,0,5,14,12,9,11,13,10,22,SC
2017-18,19,West Bengal,1901,DARJEELING,190130,RANGLI_RANGLIOT_BLOCK,5,HSS (VI-XII),1,Department of Education,Rural,2,0,0,0,0,0,0,11,9,10,16,21,21,15,15,0,0,0,0,13,16,20,13,20,12,19,13,SC
2017-18,19,West Bengal,1901,DARJEELING,190131,KURSEONG_BLOCK,5,HSS (VI-XII),1,Department of Education,Rural,2,0,0,0,0,0,0,24,24,32,23,25,30,36,33,0,0,0,0,43,27,21,39,29,27,24,26,SC
2017-18,19,West Bengal,1901,DARJEELING,190132,MIRIK_BLOCK,5,HSS (VI-XII),1,Department of Education,Rural,2,0,0,0,0,0,0,8,14,17,15,20,14,22,21,0,0,0,0,12,17,22,20,23,27,27,23,SC
2017-18,19,West Bengal,1901,DARJEELING,190133,JOREBUNGLOW_SUKHIA_BLOCK,5,HSS (VI-XII),1,Department of Education,Rural,2,0,0,0,0,0,0,12,12,20,17,28,20,21,29,0,0,0,0,27,20,28,27,32,34,19,22,SC
2017-18,19,West Bengal,1901,DARJEELING,190137,DARJEELING_MUNICIPALITY,5,HSS (VI-XII),1,Department of Education,Urban,2,0,0,0,0,0,0,42,62,56,44,65,48,32,55,0,0,0,0,66,64,29,57,56,24,34,29,SC
2017-18,19,West Bengal,1901,DARJEELING,190139,KURSEONG_MUNICIPALITY,5,HSS (VI-XII),1,Department of Education,Urban,2,0,0,0,0,0,0,8,11,7,10,10,20,18,19,0,0,0,0,33,35,36,35,41,44,20,25,SC
2017-18,19,West Bengal,1901,DARJEELING,190140,MIRIK_MUNICIPALITY,5,HSS (VI-XII),1,Department of Education,Urban,2,0,0,0,0,0,0,0,0,0,0,0,0,0,0,0,0,0,0,0,0,0,0,0,0,0,0,SC
2017-18,19,West Bengal,1901,DARJEELING,190137,DARJEELING_MUNICIPALITY,5,HSS (VI-XII),5,Private Unaided (Recognized),Rural,2,0,0,0,0,0,0,0,0,0,0,0,0,0,0,0,0,0,0,0,0,0,0,0,0,0,0,SC
2017-18,19,West Bengal,1901,DARJEELING,190131,KURSEONG_BLOCK,11,HSS (XI-XII),1,Department of Education,Rural,2,0,0,0,0,0,0,0,0,0,0,0,0,2,2,0,0,0,0,0,0,0,0,0,0,3,1,SC
2017-18,19,West Bengal,1901,DARJEELING,190139,KURSEONG_MUNICIPALITY,11,HSS (XI-XII),1,Department of Education,Urban,2,0,0,0,0,0,0,0,0,0,0,0,0,0,0,0,0,0,0,0,0,0,0,0,0,0,0,SC
2017-18,19,West Bengal,1901,DARJEELING,190129,DARJEELING_PULBAZAR_BLOCK,1,PS (I-V),1,Department of Education,Rural,2,19,18,91,72,64,73,11,0,0,0,0,0,0,0,94,73,70,90,10,0,0,0,0,0,0,0,SC
2017-18,19,West Bengal,1901,DARJEELING,190130,RANGLI_RANGLIOT_BLOCK,1,PS (I-V),1,Department of Education,Rural,2,31,17,40,35,31,27,1,0,0,0,0,0,0,0,40,34,35,33,5,0,0,0,0,0,0,0,SC
2017-18,19,West Bengal,1901,DARJEELING,190131,KURSEONG_BLOCK,1,PS (I-V),1,Department of Education,Rural,2,19,14,66,45,35,39,2,0,0,0,0,0,0,0,51,37,33,39,1,0,0,0,0,0,0,0,SC
2017-18,19,West Bengal,1901,DARJEELING,190132,MIRIK_BLOCK,1,PS (I-V),1,Department of Education,Rural,2,10,6,28,21,19,22,2,0,0,0,0,0,0,0,27,21,25,16,2,0,0,0,0,0,0,0,SC
2017-18,19,West Bengal,1901,DARJEELING,190133,JOREBUNGLOW_SUKHIA_BLOCK,1,PS (I-V),1,Department of Education,Rural,2,24,21,40,33,32,33,1,0,0,0,0,0,0,0,39,32,33,43,1,0,0,0,0,0,0,0,SC
2017-18,19,West Bengal,1901,DARJEELING,190137,DARJEELING_MUNICIPALITY,1,PS (I-V),1,Department of Education,Rural,2,1,5,0,0,0,1,0,0,0,0,0,0,0,0,2,0,2,0,0,0,0,0,0,0,0,0,SC
2017-18,19,West Bengal,1901,DARJEELING,190129,DARJEELING_PULBAZAR_BLOCK,1,PS (I-V),1,Department of Education,Urban,2,2,0,0,0,0,1,1,0,0,0,0,0,0,0,0,0,0,0,1,0,0,0,0,0,0,0,SC
2017-18,19,West Bengal,1901,DARJEELING,190133,JOREBUNGLOW_SUKHIA_BLOCK,1,PS (I-V),1,Department of Education,Urban,2,0,0,0,0,1,0,0,0,0,0,0,0,0,0,0,0,0,0,0,0,0,0,0,0,0,0,SC
2017-18,19,West Bengal,1901,DARJEELING,190137,DARJEELING_MUNICIPALITY,1,PS (I-V),1,Department of Education,Urban,2,17,15,34,29,36,39,1,0,0,0,0,0,0,0,57,49,53,40,1,0,0,0,0,0,0,0,SC
2017-18,19,West Bengal,1901,DARJEELING,190139,KURSEONG_MUNICIPALITY,1,PS (I-V),1,Department of Education,Urban,2,9,10,14,16,18,24,0,0,0,0,0,0,0,0,21,7,13,17,1,0,0,0,0,0,0,0,SC
2017-18,19,West Bengal,1901,DARJEELING,190140,MIRIK_MUNICIPALITY,1,PS (I-V),1,Department of Education,Urban,2,0,0,1,0,0,0,0,0,0,0,0,0,0,0,1,2,1,1,0,0,0,0,0,0,0,0,SC
2017-18,19,West Bengal,1901,DARJEELING,190129,DARJEELING_PULBAZAR_BLOCK,1,PS (I-V),5,Private Unaided (Recognized),Rural,2,4,6,2,3,4,2,1,0,0,0,0,0,0,0,4,2,2,2,2,0,0,0,0,0,0,0,SC
2017-18,19,West Bengal,1901,DARJEELING,190130,RANGLI_RANGLIOT_BLOCK,1,PS (I-V),5,Private Unaided (Recognized),Rural,2,16,16,5,9,1,3,0,0,0,0,0,0,0,0,1,3,6,5,1,0,0,0,0,0,0,0,SC
2017-18,19,West Bengal,1901,DARJEELING,190131,KURSEONG_BLOCK,1,PS (I-V),5,Private Unaided (Recognized),Rural,2,6,13,4,3,10,5,0,0,0,0,0,0,0,0,3,1,7,3,0,0,0,0,0,0,0,0,SC
2017-18,19,West Bengal,1901,DARJEELING,190132,MIRIK_BLOCK,1,PS (I-V),5,Private Unaided (Recognized),Rural,2,0,0,0,0,0,0,0,0,0,0,0,0,0,0,0,0,0,0,0,0,0,0,0,0,0,0,SC
2017-18,19,West Bengal,1901,DARJEELING,190133,JOREBUNGLOW_SUKHIA_BLOCK,1,PS (I-V),5,Private Unaided (Recognized),Rural,2,3,1,2,3,1,1,0,0,0,0,0,0,0,0,0,0,1,0,0,0,0,0,0,0,0,0,SC
2017-18,19,West Bengal,1901,DARJEELING,190140,MIRIK_MUNICIPALITY,1,PS (I-V),5,Private Unaided (Recognized),Rural,2,0,0,0,0,0,0,0,0,0,0,0,0,0,0,0,0,0,0,0,0,0,0,0,0,0,0,SC
2017-18,19,West Bengal,1901,DARJEELING,190129,DARJEELING_PULBAZAR_BLOCK,1,PS (I-V),5,Private Unaided (Recognized),Urban,2,1,0,1,0,0,0,0,0,0,0,0,0,0,0,0,0,0,0,0,0,0,0,0,0,0,0,SC
2017-18,19,West Bengal,1901,DARJEELING,190137,DARJEELING_MUNICIPALITY,1,PS (I-V),5,Private Unaided (Recognized),Urban,2,19,9,2,2,3,4,0,0,0,0,0,0,0,0,1,8,4,0,1,0,0,0,0,0,0,0,SC
2017-18,19,West Bengal,1901,DARJEELING,190139,KURSEONG_MUNICIPALITY,1,PS (I-V),5,Private Unaided (Recognized),Urban,2,0,0,0,0,0,0,0,0,0,0,0,0,0,0,0,0,0,0,0,0,0,0,0,0,0,0,SC
2017-18,19,West Bengal,1901,DARJEELING,190140,MIRIK_MUNICIPALITY,1,PS (I-V),5,Private Unaided (Recognized),Urban,2,0,2,0,2,1,1,0,0,0,0,0,0,0,0,0,0,2,1,0,0,0,0,0,0,0,0,SC
2017-18,19,West Bengal,1901,DARJEELING,190129,DARJEELING_PULBAZAR_BLOCK,1,PS (I-V),8,Unrecognized,Rural,2,0,0,0,0,0,0,0,0,0,0,0,0,0,0,0,0,0,0,0,0,0,0,0,0,0,0,SC
2017-18,19,West Bengal,1901,DARJEELING,190137,DARJEELING_MUNICIPALITY,1,PS (I-V),92,Kendriya Vidyalaya / Central School,Urban,2,4,4,0,3,3,3,0,0,0,0,0,0,0,0,1,2,1,1,0,0,0,0,0,0,0,0,SC
2017-18,19,West Bengal,1901,DARJEELING,190131,KURSEONG_BLOCK,6,SS (I-X),1,Department of Education,Rural,2,0,0,0,0,0,0,1,0,1,1,0,0,0,0,0,0,0,0,2,0,0,1,0,0,0,0,SC
2017-18,19,West Bengal,1901,DARJEELING,190139,KURSEONG_MUNICIPALITY,6,SS (I-X),1,Department of Education,Urban,2,2,0,3,0,2,0,0,0,0,0,0,0,0,0,2,0,3,7,1,8,5,0,5,2,0,0,SC
2017-18,19,West Bengal,1901,DARJEELING,190129,DARJEELING_PULBAZAR_BLOCK,6,SS (I-X),5,Private Unaided (Recognized),Rural,2,23,18,9,7,9,9,10,11,7,8,11,2,0,0,13,9,9,6,6,5,11,6,8,4,0,0,SC
2017-18,19,West Bengal,1901,DARJEELING,190130,RANGLI_RANGLIOT_BLOCK,6,SS (I-X),5,Private Unaided (Recognized),Rural,2,3,0,0,0,1,0,0,2,3,0,0,0,0,0,0,0,0,0,2,0,0,1,0,0,0,0,SC
2017-18,19,West Bengal,1901,DARJEELING,190131,KURSEONG_BLOCK,6,SS (I-X),5,Private Unaided (Recognized),Rural,2,4,2,7,4,4,5,13,4,8,4,1,2,0,0,6,10,6,4,8,3,5,8,3,2,0,0,SC
2017-18,19,West Bengal,1901,DARJEELING,190132,MIRIK_BLOCK,6,SS (I-X),5,Private Unaided (Recognized),Rural,2,0,0,4,9,5,5,12,18,12,14,16,8,0,0,5,8,8,9,12,10,12,10,12,10,0,0,SC
2017-18,19,West Bengal,1901,DARJEELING,190133,JOREBUNGLOW_SUKHIA_BLOCK,6,SS (I-X),5,Private Unaided (Recognized),Rural,2,0,0,1,0,4,1,1,1,2,1,0,0,0,0,2,2,4,3,3,1,3,2,0,0,0,0,SC
2017-18,19,West Bengal,1901,DARJEELING,190139,KURSEONG_MUNICIPALITY,6,SS (I-X),5,Private Unaided (Recognized),Rural,2,0,0,0,0,0,0,0,0,0,0,0,0,0,0,0,0,0,0,0,0,0,0,0,0,0,0,SC
2017-18,19,West Bengal,1901,DARJEELING,190137,DARJEELING_MUNICIPALITY,6,SS (I-X),5,Private Unaided (Recognized),Urban,2,0,0,0,0,0,0,0,0,0,0,0,0,0,0,0,0,0,0,0,0,0,0,0,0,0,0,SC
2017-18,19,West Bengal,1901,DARJEELING,190139,KURSEONG_MUNICIPALITY,6,SS (I-X),5,Private Unaided (Recognized),Urban,2,0,0,0,0,0,0,0,0,0,0,0,0,0,0,0,0,0,0,0,0,0,0,0,0,0,0,SC
2017-18,19,West Bengal,1901,DARJEELING,190140,MIRIK_MUNICIPALITY,6,SS (I-X),5,Private Unaided (Recognized),Urban,2,0,0,5,3,0,3,4,5,4,4,5,1,0,0,2,1,1,1,0,3,2,3,1,6,0,0,SC
2017-18,19,West Bengal,1901,DARJEELING,190133,JOREBUNGLOW_SUKHIA_BLOCK,6,SS (I-X),8,Unrecognized,Rural,2,0,0,1,1,3,3,2,2,4,3,2,3,0,0,2,2,1,2,2,3,3,1,1,0,0,0,SC
2017-18,19,West Bengal,1901,DARJEELING,190129,DARJEELING_PULBAZAR_BLOCK,7,SS (VI-X),1,Department of Education,Rural,2,0,0,0,0,0,0,29,31,30,21,11,10,0,0,0,0,0,0,16,26,35,28,11,9,0,0,SC
2017-18,19,West Bengal,1901,DARJEELING,190130,RANGLI_RANGLIOT_BLOCK,7,SS (VI-X),1,Department of Education,Rural,2,0,0,0,0,0,0,9,15,14,12,2,8,0,0,0,0,0,0,20,16,25,17,3,2,0,0,SC
2017-18,19,West Bengal,1901,DARJEELING,190131,KURSEONG_BLOCK,7,SS (VI-X),1,Department of Education,Rural,2,0,0,0,0,0,0,7,15,10,18,4,1,0,0,0,0,0,0,9,11,6,12,7,3,0,0,SC
2017-18,19,West Bengal,1901,DARJEELING,190132,MIRIK_BLOCK,7,SS (VI-X),1,Department of Education,Rural,2,0,0,0,0,0,0,3,5,3,2,6,5,0,0,0,0,0,0,3,5,3,5,4,5,0,0,SC
2017-18,19,West Bengal,1901,DARJEELING,190133,JOREBUNGLOW_SUKHIA_BLOCK,7,SS (VI-X),1,Department of Education,Rural,2,0,0,0,0,0,0,26,31,23,24,9,5,0,0,0,0,0,0,33,25,27,25,15,17,0,0,SC
2017-18,19,West Bengal,1901,DARJEELING,190137,DARJEELING_MUNICIPALITY,7,SS (VI-X),1,Department of Education,Urban,2,0,0,0,0,0,0,10,10,6,5,9,3,0,0,0,0,0,0,10,4,5,4,12,5,0,0,SC
2017-18,19,West Bengal,1901,DARJEELING,190139,KURSEONG_MUNICIPALITY,7,SS (VI-X),1,Department of Education,Urban,2,0,0,0,0,0,0,0,0,0,0,0,0,0,0,0,0,0,0,0,0,0,0,0,1,0,0,SC
2017-18,19,West Bengal,1901,DARJEELING,190129,DARJEELING_PULBAZAR_BLOCK,7,SS (VI-X),5,Private Unaided (Recognized),Rural,2,0,0,0,0,0,0,0,0,0,0,0,0,0,0,0,0,0,0,0,0,0,0,0,0,0,0,SC
2017-18,19,West Bengal,1901,DARJEELING,190130,RANGLI_RANGLIOT_BLOCK,7,SS (VI-X),5,Private Unaided (Recognized),Rural,2,0,0,0,0,0,0,0,0,2,1,0,0,0,0,0,0,0,0,1,0,2,0,0,0,0,0,SC
2017-18,19,West Bengal,1901,DARJEELING,190131,KURSEONG_BLOCK,7,SS (VI-X),5,Private Unaided (Recognized),Rural,2,0,0,0,0,0,0,2,0,3,2,0,0,0,0,0,0,0,0,1,1,1,5,0,0,0,0,SC
2017-18,19,West Bengal,1901,DARJEELING,190133,JOREBUNGLOW_SUKHIA_BLOCK,7,SS (VI-X),5,Private Unaided (Recognized),Rural,2,0,0,0,0,0,0,0,2,1,3,0,3,0,0,0,0,0,0,1,2,1,2,1,0,0,0,SC
2017-18,19,West Bengal,1901,DARJEELING,190137,DARJEELING_MUNICIPALITY,7,SS (VI-X),5,Private Unaided (Recognized),Urban,2,0,0,0,0,0,0,0,0,0,0,0,0,0,0,0,0,0,0,0,0,0,0,0,0,0,0,SC
2017-18,19,West Bengal,1901,DARJEELING,190133,JOREBUNGLOW_SUKHIA_BLOCK,7,SS (VI-X),92,Kendriya Vidyalaya / Central School,Rural,2,0,0,0,0,0,0,0,0,0,0,0,0,0,0,0,0,0,0,0,0,0,0,0,0,0,0,SC
2017-18,19,West Bengal,1901,DARJEELING,190129,DARJEELING_PULBAZAR_BLOCK,2,UPS (I-VIII),1,Department of Education,Rural,2,0,0,0,0,0,0,1,0,0,0,0,0,0,0,0,0,0,0,1,0,0,0,0,0,0,0,SC
2017-18,19,West Bengal,1901,DARJEELING,190130,RANGLI_RANGLIOT_BLOCK,2,UPS (I-VIII),1,Department of Education,Rural,2,0,0,0,0,0,0,1,1,0,0,0,0,0,0,0,0,0,0,1,1,0,0,0,0,0,0,SC
2017-18,19,West Bengal,1901,DARJEELING,190137,DARJEELING_MUNICIPALITY,2,UPS (I-VIII),1,Department of Education,Urban,2,0,0,0,0,0,0,0,0,0,0,0,0,0,0,0,0,0,0,0,0,0,0,0,0,0,0,SC
2017-18,19,West Bengal,1901,DARJEELING,190129,DARJEELING_PULBAZAR_BLOCK,2,UPS (I-VIII),5,Private Unaided (Recognized),Rural,2,3,10,1,2,2,2,2,3,2,0,0,0,0,0,2,2,2,2,3,2,3,0,0,0,0,0,SC
2017-18,19,West Bengal,1901,DARJEELING,190130,RANGLI_RANGLIOT_BLOCK,2,UPS (I-VIII),5,Private Unaided (Recognized),Rural,2,0,1,0,0,0,1,1,3,0,2,0,0,0,0,0,0,1,1,0,3,2,2,0,0,0,0,SC
2017-18,19,West Bengal,1901,DARJEELING,190131,KURSEONG_BLOCK,2,UPS (I-VIII),5,Private Unaided (Recognized),Rural,2,0,0,0,0,0,0,0,0,0,0,0,0,0,0,0,0,0,0,0,0,0,0,0,0,0,0,SC
2017-18,19,West Bengal,1901,DARJEELING,190132,MIRIK_BLOCK,2,UPS (I-VIII),5,Private Unaided (Recognized),Rural,2,7,1,0,2,3,3,0,0,0,0,0,0,0,0,0,1,1,1,0,2,0,0,0,0,0,0,SC
2017-18,19,West Bengal,1901,DARJEELING,190133,JOREBUNGLOW_SUKHIA_BLOCK,2,UPS (I-VIII),5,Private Unaided (Recognized),Rural,2,0,0,0,0,0,0,0,0,0,0,0,0,0,0,0,0,0,0,0,0,0,0,0,0,0,0,SC
2017-18,19,West Bengal,1901,DARJEELING,190137,DARJEELING_MUNICIPALITY,2,UPS (I-VIII),5,Private Unaided (Recognized),Rural,2,0,0,0,0,0,0,0,0,0,0,0,0,0,0,0,0,0,0,0,0,0,0,0,0,0,0,SC
2017-18,19,West Bengal,1901,DARJEELING,190129,DARJEELING_PULBAZAR_BLOCK,2,UPS (I-VIII),5,Private Unaided (Recognized),Urban,2,0,0,0,0,0,0,0,0,0,0,0,0,0,0,0,0,0,0,0,0,0,0,0,0,0,0,SC
2017-18,19,West Bengal,1901,DARJEELING,190137,DARJEELING_MUNICIPALITY,2,UPS (I-VIII),5,Private Unaided (Recognized),Urban,2,3,4,3,1,2,0,1,0,0,0,0,0,0,0,0,0,1,1,0,0,0,0,0,0,0,0,SC
2017-18,19,West Bengal,1901,DARJEELING,190139,KURSEONG_MUNICIPALITY,2,UPS (I-VIII),5,Private Unaided (Recognized),Urban,2,0,0,0,0,0,0,0,0,0,0,0,0,0,0,0,0,0,0,0,0,0,0,0,0,0,0,SC
2017-18,19,West Bengal,1901,DARJEELING,190129,DARJEELING_PULBAZAR_BLOCK,4,UPS (VI-VIII),1,Department of Education,Rural,2,0,0,0,0,0,0,0,0,0,0,0,0,0,0,0,0,0,0,0,0,0,0,0,0,0,0,SC
2017-18,19,West Bengal,1901,DARJEELING,190131,KURSEONG_BLOCK,4,UPS (VI-VIII),1,Department of Education,Rural,2,0,0,0,0,0,0,0,0,0,0,0,0,0,0,0,0,0,0,0,0,0,0,0,0,0,0,SC
2017-18,19,West Bengal,1901,DARJEELING,190132,MIRIK_BLOCK,4,UPS (VI-VIII),1,Department of Education,Rural,2,0,0,0,0,0,0,0,0,0,0,0,0,0,0,0,0,0,0,0,0,0,0,0,0,0,0,SC
2017-18,19,West Bengal,1901,DARJEELING,190137,DARJEELING_MUNICIPALITY,4,UPS (VI-VIII),1,Department of Education,Urban,2,0,0,0,0,0,0,0,0,0,0,0,0,0,0,0,0,0,0,0,0,0,0,0,0,0,0,SC
2017-18,19,West Bengal,1901,DARJEELING,190129,DARJEELING_PULBAZAR_BLOCK,4,UPS (VI-VIII),5,Private Unaided (Recognized),Rural,2,0,0,0,0,0,0,0,0,0,0,0,0,0,0,0,0,0,0,0,0,0,0,0,0,0,0,SC
2017-18,19,West Bengal,1901,DARJEELING,190131,KURSEONG_BLOCK,4,UPS (VI-VIII),5,Private Unaided (Recognized),Rural,2,0,0,0,0,0,0,0,0,0,0,0,0,0,0,0,0,0,0,0,0,0,0,0,0,0,0,SC
2017-18,19,West Bengal,1901,DARJEELING,190132,MIRIK_BLOCK,4,UPS (VI-VIII),5,Private Unaided (Recognized),Rural,2,0,0,0,0,0,0,0,0,0,0,0,0,0,0,0,0,0,0,0,0,0,0,0,0,0,0,SC
2017-18,19,West Bengal,1901,DARJEELING,190140,MIRIK_MUNICIPALITY,4,UPS (VI-VIII),5,Private Unaided (Recognized),Urban,2,0,0,0,0,0,0,0,0,0,0,0,0,0,0,0,0,0,0,0,0,0,0,0,0,0,0,SC
2017-18,19,West Bengal,1901,DARJEELING,190133,JOREBUNGLOW_SUKHIA_BLOCK,4,UPS (VI-VIII),8,Unrecognized,Rural,2,0,0,0,0,0,0,0,0,0,0,0,0,0,0,0,0,0,0,0,0,0,0,0,0,0,0,SC
2017-18,19,West Bengal,1901,DARJEELING,190137,DARJEELING_MUNICIPALITY,3,HSS (I-XII),4,Government Aided,Urban,3,0,0,0,0,0,0,0,0,0,0,0,0,0,0,0,0,0,0,0,0,0,0,0,0,0,0,ST
2017-18,19,West Bengal,1901,DARJEELING,190129,DARJEELING_PULBAZAR_BLOCK,3,HSS (I-XII),5,Private Unaided (Recognized),Rural,3,0,0,0,0,0,0,0,0,0,0,0,0,0,0,0,0,0,0,0,0,0,0,0,0,0,0,ST
2017-18,19,West Bengal,1901,DARJEELING,190130,RANGLI_RANGLIOT_BLOCK,3,HSS (I-XII),5,Private Unaided (Recognized),Rural,3,5,3,2,1,3,2,0,0,0,0,0,0,0,0,1,4,1,2,0,0,0,0,0,0,0,0,ST
2017-18,19,West Bengal,1901,DARJEELING,190131,KURSEONG_BLOCK,3,HSS (I-XII),5,Private Unaided (Recognized),Rural,3,5,9,5,5,3,2,7,8,7,4,9,8,3,3,5,1,4,4,2,3,2,1,6,6,3,1,ST
2017-18,19,West Bengal,1901,DARJEELING,190132,MIRIK_BLOCK,3,HSS (I-XII),5,Private Unaided (Recognized),Rural,3,0,0,7,3,6,6,3,6,8,7,8,11,3,2,6,6,1,3,4,1,2,5,5,5,2,2,ST
2017-18,19,West Bengal,1901,DARJEELING,190137,DARJEELING_MUNICIPALITY,3,HSS (I-XII),5,Private Unaided (Recognized),Urban,3,0,0,11,11,13,11,22,15,4,12,9,5,28,16,28,38,42,50,62,53,56,59,57,43,87,15,ST
2017-18,19,West Bengal,1901,DARJEELING,190139,KURSEONG_MUNICIPALITY,3,HSS (I-XII),5,Private Unaided (Recognized),Urban,3,0,0,0,0,0,0,0,0,0,0,0,0,0,0,0,0,0,0,0,0,0,0,0,0,0,0,ST
2017-18,19,West Bengal,1901,DARJEELING,190140,MIRIK_MUNICIPALITY,3,HSS (I-XII),5,Private Unaided (Recognized),Urban,3,0,3,1,3,1,1,1,2,1,4,0,4,5,1,2,3,5,2,0,0,1,3,0,0,4,0,ST
2017-18,19,West Bengal,1901,DARJEELING,190133,JOREBUNGLOW_SUKHIA_BLOCK,3,HSS (I-XII),92,Kendriya Vidyalaya / Central School,Rural,3,0,0,0,0,0,0,0,0,0,0,0,0,0,0,0,0,0,0,0,0,0,0,0,0,0,0,ST
2017-18,19,West Bengal,1901,DARJEELING,190137,DARJEELING_MUNICIPALITY,3,HSS (I-XII),92,Kendriya Vidyalaya / Central School,Urban,3,0,0,0,0,0,0,0,0,0,0,0,0,0,0,0,0,0,0,0,0,0,0,0,0,0,0,ST
2017-18,19,West Bengal,1901,DARJEELING,190129,DARJEELING_PULBAZAR_BLOCK,5,HSS (VI-XII),1,Department of Education,Rural,3,0,0,0,0,0,0,33,26,36,34,96,92,68,90,0,0,0,0,18,33,43,52,83,73,85,116,ST
2017-18,19,West Bengal,1901,DARJEELING,190130,RANGLI_RANGLIOT_BLOCK,5,HSS (VI-XII),1,Department of Education,Rural,3,0,0,0,0,0,0,44,47,43,62,81,58,64,68,0,0,0,0,40,53,44,50,56,70,64,75,ST
2017-18,19,West Bengal,1901,DARJEELING,190131,KURSEONG_BLOCK,5,HSS (VI-XII),1,Department of Education,Rural,3,0,0,0,0,0,0,67,72,89,61,101,73,72,83,0,0,0,0,73,81,71,82,95,70,67,80,ST
2017-18,19,West Bengal,1901,DARJEELING,190132,MIRIK_BLOCK,5,HSS (VI-XII),1,Department of Education,Rural,3,0,0,0,0,0,0,33,30,40,35,45,29,49,47,0,0,0,0,29,41,56,40,44,52,56,53,ST
2017-18,19,West Bengal,1901,DARJEELING,190133,JOREBUNGLOW_SUKHIA_BLOCK,5,HSS (VI-XII),1,Department of Education,Rural,3,0,0,0,0,0,0,19,24,31,31,65,48,46,64,0,0,0,0,103,107,97,99,131,122,56,88,ST
2017-18,19,West Bengal,1901,DARJEELING,190137,DARJEELING_MUNICIPALITY,5,HSS (VI-XII),1,Department of Education,Urban,3,0,0,0,0,0,0,144,149,120,125,146,108,76,119,0,0,0,0,134,155,102,107,163,119,145,111,ST
2017-18,19,West Bengal,1901,DARJEELING,190139,KURSEONG_MUNICIPALITY,5,HSS (VI-XII),1,Department of Education,Urban,3,0,0,0,0,0,0,8,13,5,10,30,30,45,56,0,0,0,0,39,53,50,65,84,89,69,87,ST
2017-18,19,West Bengal,1901,DARJEELING,190140,MIRIK_MUNICIPALITY,5,HSS (VI-XII),1,Department of Education,Urban,3,0,0,0,0,0,0,0,0,0,0,0,0,0,0,0,0,0,0,0,0,0,0,0,0,0,0,ST
2017-18,19,West Bengal,1901,DARJEELING,190137,DARJEELING_MUNICIPALITY,5,HSS (VI-XII),5,Private Unaided (Recognized),Rural,3,0,0,0,0,0,0,0,0,0,0,0,0,0,0,0,0,0,0,0,0,0,0,0,0,0,0,ST
2017-18,19,West Bengal,1901,DARJEELING,190131,KURSEONG_BLOCK,11,HSS (XI-XII),1,Department of Education,Rural,3,0,0,0,0,0,0,0,0,0,0,0,0,3,1,0,0,0,0,0,0,0,0,0,0,0,3,ST
2017-18,19,West Bengal,1901,DARJEELING,190139,KURSEONG_MUNICIPALITY,11,HSS (XI-XII),1,Department of Education,Urban,3,0,0,0,0,0,0,0,0,0,0,0,0,0,0,0,0,0,0,0,0,0,0,0,0,0,0,ST
2017-18,19,West Bengal,1901,DARJEELING,190129,DARJEELING_PULBAZAR_BLOCK,1,PS (I-V),1,Department of Education,Rural,3,73,71,318,249,236,188,26,0,0,0,0,0,0,0,310,232,196,213,38,0,0,0,0,0,0,0,ST
2017-18,19,West Bengal,1901,DARJEELING,190130,RANGLI_RANGLIOT_BLOCK,1,PS (I-V),1,Department of Education,Rural,3,59,55,94,65,80,85,6,0,0,0,0,0,0,0,80,78,74,72,6,0,0,0,0,0,0,0,ST
2017-18,19,West Bengal,1901,DARJEELING,190131,KURSEONG_BLOCK,1,PS (I-V),1,Department of Education,Rural,3,77,77,223,126,122,125,5,0,0,0,0,0,0,0,217,109,110,103,1,0,0,0,0,0,0,0,ST
2017-18,19,West Bengal,1901,DARJEELING,190132,MIRIK_BLOCK,1,PS (I-V),1,Department of Education,Rural,3,19,11,135,52,66,65,8,0,0,0,0,0,0,0,98,65,65,66,7,0,0,0,0,0,0,0,ST
2017-18,19,West Bengal,1901,DARJEELING,190133,JOREBUNGLOW_SUKHIA_BLOCK,1,PS (I-V),1,Department of Education,Rural,3,96,79,141,128,143,108,5,0,0,0,0,0,0,0,147,109,134,110,7,0,0,0,0,0,0,0,ST
2017-18,19,West Bengal,1901,DARJEELING,190137,DARJEELING_MUNICIPALITY,1,PS (I-V),1,Department of Education,Rural,3,2,0,0,0,0,0,0,0,0,0,0,0,0,0,0,0,1,0,0,0,0,0,0,0,0,0,ST
2017-18,19,West Bengal,1901,DARJEELING,190129,DARJEELING_PULBAZAR_BLOCK,1,PS (I-V),1,Department of Education,Urban,3,1,2,0,0,1,0,0,0,0,0,0,0,0,0,1,0,0,1,0,0,0,0,0,0,0,0,ST
2017-18,19,West Bengal,1901,DARJEELING,190133,JOREBUNGLOW_SUKHIA_BLOCK,1,PS (I-V),1,Department of Education,Urban,3,0,0,0,0,0,0,0,0,0,0,0,0,0,0,0,0,0,0,0,0,0,0,0,0,0,0,ST
2017-18,19,West Bengal,1901,DARJEELING,190137,DARJEELING_MUNICIPALITY,1,PS (I-V),1,Department of Education,Urban,3,24,39,43,52,38,63,0,0,0,0,0,0,0,0,95,79,94,116,0,0,0,0,0,0,0,0,ST
2017-18,19,West Bengal,1901,DARJEELING,190139,KURSEONG_MUNICIPALITY,1,PS (I-V),1,Department of Education,Urban,3,13,7,17,16,16,21,0,0,0,0,0,0,0,0,2,10,15,17,0,0,0,0,0,0,0,0,ST
2017-18,19,West Bengal,1901,DARJEELING,190140,MIRIK_MUNICIPALITY,1,PS (I-V),1,Department of Education,Urban,3,0,0,0,3,1,2,0,0,0,0,0,0,0,0,3,2,4,4,0,0,0,0,0,0,0,0,ST
2017-18,19,West Bengal,1901,DARJEELING,190129,DARJEELING_PULBAZAR_BLOCK,1,PS (I-V),5,Private Unaided (Recognized),Rural,3,20,21,21,9,17,14,12,0,0,0,0,0,0,0,19,14,13,16,9,0,0,0,0,0,0,0,ST
2017-18,19,West Bengal,1901,DARJEELING,190130,RANGLI_RANGLIOT_BLOCK,1,PS (I-V),5,Private Unaided (Recognized),Rural,3,42,40,21,18,15,7,3,0,0,0,0,0,0,0,22,14,18,22,5,0,0,0,0,0,0,0,ST
2017-18,19,West Bengal,1901,DARJEELING,190131,KURSEONG_BLOCK,1,PS (I-V),5,Private Unaided (Recognized),Rural,3,13,8,6,9,9,4,0,0,0,0,0,0,0,0,4,8,8,9,0,0,0,0,0,0,0,0,ST
2017-18,19,West Bengal,1901,DARJEELING,190132,MIRIK_BLOCK,1,PS (I-V),5,Private Unaided (Recognized),Rural,3,0,0,0,0,0,0,0,0,0,0,0,0,0,0,0,0,0,0,0,0,0,0,0,0,0,0,ST
2017-18,19,West Bengal,1901,DARJEELING,190133,JOREBUNGLOW_SUKHIA_BLOCK,1,PS (I-V),5,Private Unaided (Recognized),Rural,3,9,12,2,1,5,5,0,0,0,0,0,0,0,0,7,7,3,4,0,0,0,0,0,0,0,0,ST
2017-18,19,West Bengal,1901,DARJEELING,190140,MIRIK_MUNICIPALITY,1,PS (I-V),5,Private Unaided (Recognized),Rural,3,0,0,0,0,0,0,0,0,0,0,0,0,0,0,0,0,0,0,0,0,0,0,0,0,0,0,ST
2017-18,19,West Bengal,1901,DARJEELING,190129,DARJEELING_PULBAZAR_BLOCK,1,PS (I-V),5,Private Unaided (Recognized),Urban,3,0,1,3,2,1,2,1,0,0,0,0,0,0,0,2,2,1,2,2,0,0,0,0,0,0,0,ST
2017-18,19,West Bengal,1901,DARJEELING,190137,DARJEELING_MUNICIPALITY,1,PS (I-V),5,Private Unaided (Recognized),Urban,3,29,24,6,8,9,6,1,0,0,0,0,0,0,0,9,11,3,3,1,0,0,0,0,0,0,0,ST
2017-18,19,West Bengal,1901,DARJEELING,190139,KURSEONG_MUNICIPALITY,1,PS (I-V),5,Private Unaided (Recognized),Urban,3,0,0,0,0,0,0,0,0,0,0,0,0,0,0,0,0,0,0,0,0,0,0,0,0,0,0,ST
2017-18,19,West Bengal,1901,DARJEELING,190140,MIRIK_MUNICIPALITY,1,PS (I-V),5,Private Unaided (Recognized),Urban,3,2,6,2,0,1,1,2,0,0,0,0,0,0,0,1,2,5,0,0,0,0,0,0,0,0,0,ST
2017-18,19,West Bengal,1901,DARJEELING,190129,DARJEELING_PULBAZAR_BLOCK,1,PS (I-V),8,Unrecognized,Rural,3,0,0,0,0,3,1,0,0,0,0,0,0,0,0,0,0,1,0,0,0,0,0,0,0,0,0,ST
2017-18,19,West Bengal,1901,DARJEELING,190137,DARJEELING_MUNICIPALITY,1,PS (I-V),92,Kendriya Vidyalaya / Central School,Urban,3,4,3,2,1,1,1,0,0,0,0,0,0,0,0,0,1,1,1,0,0,0,0,0,0,0,0,ST
2017-18,19,West Bengal,1901,DARJEELING,190131,KURSEONG_BLOCK,6,SS (I-X),1,Department of Education,Rural,3,0,0,0,0,0,0,1,1,1,1,0,0,0,0,0,0,0,0,1,0,0,0,0,0,0,0,ST
2017-18,19,West Bengal,1901,DARJEELING,190139,KURSEONG_MUNICIPALITY,6,SS (I-X),1,Department of Education,Urban,3,2,3,2,1,5,0,0,0,0,0,0,0,0,0,3,4,2,6,6,8,7,10,12,3,0,0,ST
2017-18,19,West Bengal,1901,DARJEELING,190129,DARJEELING_PULBAZAR_BLOCK,6,SS (I-X),5,Private Unaided (Recognized),Rural,3,53,31,27,24,30,27,24,35,42,38,30,16,0,0,20,19,21,18,23,26,35,41,32,21,0,0,ST
2017-18,19,West Bengal,1901,DARJEELING,190130,RANGLI_RANGLIOT_BLOCK,6,SS (I-X),5,Private Unaided (Recognized),Rural,3,2,7,0,4,5,4,1,3,2,5,1,2,0,0,2,4,1,2,2,0,1,3,0,0,0,0,ST
2017-18,19,West Bengal,1901,DARJEELING,190131,KURSEONG_BLOCK,6,SS (I-X),5,Private Unaided (Recognized),Rural,3,7,6,8,7,4,15,8,9,7,8,1,1,0,0,9,5,13,7,4,6,8,11,2,0,0,0,ST
2017-18,19,West Bengal,1901,DARJEELING,190132,MIRIK_BLOCK,6,SS (I-X),5,Private Unaided (Recognized),Rural,3,0,0,19,12,17,24,28,34,29,27,22,26,0,0,11,18,25,23,19,24,30,26,25,19,0,0,ST
2017-18,19,West Bengal,1901,DARJEELING,190133,JOREBUNGLOW_SUKHIA_BLOCK,6,SS (I-X),5,Private Unaided (Recognized),Rural,3,10,12,10,2,10,11,9,10,7,4,5,1,0,0,6,6,11,6,9,11,10,4,5,5,0,0,ST
2017-18,19,West Bengal,1901,DARJEELING,190139,KURSEONG_MUNICIPALITY,6,SS (I-X),5,Private Unaided (Recognized),Rural,3,0,0,0,0,0,0,0,0,0,0,0,0,0,0,0,0,0,0,0,0,0,0,0,0,0,0,ST
2017-18,19,West Bengal,1901,DARJEELING,190137,DARJEELING_MUNICIPALITY,6,SS (I-X),5,Private Unaided (Recognized),Urban,3,0,0,0,0,0,0,0,0,0,0,0,0,0,0,0,0,0,0,0,0,0,0,0,0,0,0,ST
2017-18,19,West Bengal,1901,DARJEELING,190139,KURSEONG_MUNICIPALITY,6,SS (I-X),5,Private Unaided (Recognized),Urban,3,0,0,0,0,0,0,0,0,0,0,0,0,0,0,0,0,0,0,0,0,0,0,0,0,0,0,ST
2017-18,19,West Bengal,1901,DARJEELING,190140,MIRIK_MUNICIPALITY,6,SS (I-X),5,Private Unaided (Recognized),Urban,3,0,0,12,10,9,13,13,11,11,22,18,11,0,0,14,9,7,11,8,14,19,12,17,12,0,0,ST
2017-18,19,West Bengal,1901,DARJEELING,190133,JOREBUNGLOW_SUKHIA_BLOCK,6,SS (I-X),8,Unrecognized,Rural,3,0,0,1,2,2,3,1,2,1,2,2,0,0,0,1,1,2,3,1,2,2,1,2,2,0,0,ST
2017-18,19,West Bengal,1901,DARJEELING,190129,DARJEELING_PULBAZAR_BLOCK,7,SS (VI-X),1,Department of Education,Rural,3,0,0,0,0,0,0,85,128,127,155,88,40,0,0,0,0,0,0,73,117,146,158,86,61,0,0,ST
2017-18,19,West Bengal,1901,DARJEELING,190130,RANGLI_RANGLIOT_BLOCK,7,SS (VI-X),1,Department of Education,Rural,3,0,0,0,0,0,0,37,32,58,56,16,7,0,0,0,0,0,0,32,60,43,60,15,8,0,0,ST
2017-18,19,West Bengal,1901,DARJEELING,190131,KURSEONG_BLOCK,7,SS (VI-X),1,Department of Education,Rural,3,0,0,0,0,0,0,37,42,33,45,16,19,0,0,0,0,0,0,26,46,33,29,17,17,0,0,ST
2017-18,19,West Bengal,1901,DARJEELING,190132,MIRIK_BLOCK,7,SS (VI-X),1,Department of Education,Rural,3,0,0,0,0,0,0,20,22,15,27,8,14,0,0,0,0,0,0,12,21,17,14,8,13,0,0,ST
2017-18,19,West Bengal,1901,DARJEELING,190133,JOREBUNGLOW_SUKHIA_BLOCK,7,SS (VI-X),1,Department of Education,Rural,3,0,0,0,0,0,0,53,77,63,69,61,39,0,0,0,0,0,0,50,70,78,87,52,42,0,0,ST
2017-18,19,West Bengal,1901,DARJEELING,190137,DARJEELING_MUNICIPALITY,7,SS (VI-X),1,Department of Education,Urban,3,0,0,0,0,0,0,5,11,13,9,13,8,0,0,0,0,0,0,14,15,15,20,19,12,0,0,ST
2017-18,19,West Bengal,1901,DARJEELING,190139,KURSEONG_MUNICIPALITY,7,SS (VI-X),1,Department of Education,Urban,3,0,0,0,0,0,0,0,0,0,0,0,0,0,0,0,0,0,0,0,0,0,0,0,0,0,0,ST
2017-18,19,West Bengal,1901,DARJEELING,190129,DARJEELING_PULBAZAR_BLOCK,7,SS (VI-X),5,Private Unaided (Recognized),Rural,3,0,0,0,0,0,0,0,0,0,0,0,0,0,0,0,0,0,0,0,0,0,0,0,0,0,0,ST
2017-18,19,West Bengal,1901,DARJEELING,190130,RANGLI_RANGLIOT_BLOCK,7,SS (VI-X),5,Private Unaided (Recognized),Rural,3,0,0,0,0,0,0,2,1,1,3,0,0,0,0,0,0,0,0,1,2,0,1,0,0,0,0,ST
2017-18,19,West Bengal,1901,DARJEELING,190131,KURSEONG_BLOCK,7,SS (VI-X),5,Private Unaided (Recognized),Rural,3,0,0,0,0,0,0,4,1,0,6,0,0,0,0,0,0,0,0,0,0,4,1,0,0,0,0,ST
2017-18,19,West Bengal,1901,DARJEELING,190133,JOREBUNGLOW_SUKHIA_BLOCK,7,SS (VI-X),5,Private Unaided (Recognized),Rural,3,0,0,0,0,0,0,2,1,1,1,0,3,0,0,0,0,0,0,0,0,3,0,0,0,0,0,ST
2017-18,19,West Bengal,1901,DARJEELING,190137,DARJEELING_MUNICIPALITY,7,SS (VI-X),5,Private Unaided (Recognized),Urban,3,0,0,0,0,0,0,0,0,0,0,0,0,0,0,0,0,0,0,0,0,0,0,0,0,0,0,ST
2017-18,19,West Bengal,1901,DARJEELING,190133,JOREBUNGLOW_SUKHIA_BLOCK,7,SS (VI-X),92,Kendriya Vidyalaya / Central School,Rural,3,0,0,0,0,0,0,0,0,0,0,0,0,0,0,0,0,0,0,0,0,0,0,0,0,0,0,ST
2017-18,19,West Bengal,1901,DARJEELING,190129,DARJEELING_PULBAZAR_BLOCK,2,UPS (I-VIII),1,Department of Education,Rural,3,0,0,0,0,0,0,1,0,0,0,0,0,0,0,0,0,0,0,2,0,0,0,0,0,0,0,ST
2017-18,19,West Bengal,1901,DARJEELING,190130,RANGLI_RANGLIOT_BLOCK,2,UPS (I-VIII),1,Department of Education,Rural,3,0,0,0,0,0,0,1,1,2,0,0,0,0,0,0,0,0,0,1,2,3,0,0,0,0,0,ST
2017-18,19,West Bengal,1901,DARJEELING,190137,DARJEELING_MUNICIPALITY,2,UPS (I-VIII),1,Department of Education,Urban,3,0,0,0,0,0,0,0,0,0,0,0,0,0,0,0,0,0,0,0,0,0,0,0,0,0,0,ST
2017-18,19,West Bengal,1901,DARJEELING,190129,DARJEELING_PULBAZAR_BLOCK,2,UPS (I-VIII),5,Private Unaided (Recognized),Rural,3,18,20,6,5,16,14,16,18,10,0,0,0,0,0,13,7,11,13,13,18,8,0,0,0,0,0,ST
2017-18,19,West Bengal,1901,DARJEELING,190130,RANGLI_RANGLIOT_BLOCK,2,UPS (I-VIII),5,Private Unaided (Recognized),Rural,3,0,8,3,4,3,1,4,1,0,4,0,0,0,0,2,3,1,3,4,0,0,6,0,0,0,0,ST
2017-18,19,West Bengal,1901,DARJEELING,190131,KURSEONG_BLOCK,2,UPS (I-VIII),5,Private Unaided (Recognized),Rural,3,0,0,0,0,0,0,0,0,0,0,0,0,0,0,0,0,0,0,0,0,0,0,0,0,0,0,ST
2017-18,19,West Bengal,1901,DARJEELING,190132,MIRIK_BLOCK,2,UPS (I-VIII),5,Private Unaided (Recognized),Rural,3,11,7,6,2,2,2,4,0,1,0,0,0,0,0,1,2,2,1,3,3,0,0,0,0,0,0,ST
2017-18,19,West Bengal,1901,DARJEELING,190133,JOREBUNGLOW_SUKHIA_BLOCK,2,UPS (I-VIII),5,Private Unaided (Recognized),Rural,3,0,0,0,0,0,0,0,0,0,0,0,0,0,0,0,0,0,0,0,0,0,0,0,0,0,0,ST
2017-18,19,West Bengal,1901,DARJEELING,190137,DARJEELING_MUNICIPALITY,2,UPS (I-VIII),5,Private Unaided (Recognized),Rural,3,0,0,0,0,0,0,0,0,0,0,0,0,0,0,0,0,0,0,0,0,0,0,0,0,0,0,ST
2017-18,19,West Bengal,1901,DARJEELING,190129,DARJEELING_PULBAZAR_BLOCK,2,UPS (I-VIII),5,Private Unaided (Recognized),Urban,3,0,0,0,0,0,0,0,0,0,0,0,0,0,0,0,0,0,0,0,0,0,0,0,0,0,0,ST
2017-18,19,West Bengal,1901,DARJEELING,190137,DARJEELING_MUNICIPALITY,2,UPS (I-VIII),5,Private Unaided (Recognized),Urban,3,4,2,2,1,3,2,1,0,0,0,0,0,0,0,0,0,1,0,0,0,0,0,0,0,0,0,ST
2017-18,19,West Bengal,1901,DARJEELING,190139,KURSEONG_MUNICIPALITY,2,UPS (I-VIII),5,Private Unaided (Recognized),Urban,3,0,0,0,0,0,0,0,0,0,0,0,0,0,0,0,0,0,0,0,0,0,0,0,0,0,0,ST
2017-18,19,West Bengal,1901,DARJEELING,190129,DARJEELING_PULBAZAR_BLOCK,4,UPS (VI-VIII),1,Department of Education,Rural,3,0,0,0,0,0,0,0,0,0,0,0,0,0,0,0,0,0,0,0,0,0,0,0,0,0,0,ST
2017-18,19,West Bengal,1901,DARJEELING,190131,KURSEONG_BLOCK,4,UPS (VI-VIII),1,Department of Education,Rural,3,0,0,0,0,0,0,0,0,0,0,0,0,0,0,0,0,0,0,0,0,0,0,0,0,0,0,ST
2017-18,19,West Bengal,1901,DARJEELING,190132,MIRIK_BLOCK,4,UPS (VI-VIII),1,Department of Education,Rural,3,0,0,0,0,0,0,0,0,0,0,0,0,0,0,0,0,0,0,0,0,0,0,0,0,0,0,ST
2017-18,19,West Bengal,1901,DARJEELING,190137,DARJEELING_MUNICIPALITY,4,UPS (VI-VIII),1,Department of Education,Urban,3,0,0,0,0,0,0,0,0,0,0,0,0,0,0,0,0,0,0,0,0,0,0,0,0,0,0,ST
2017-18,19,West Bengal,1901,DARJEELING,190129,DARJEELING_PULBAZAR_BLOCK,4,UPS (VI-VIII),5,Private Unaided (Recognized),Rural,3,0,0,0,0,0,0,0,0,0,0,0,0,0,0,0,0,0,0,0,0,0,0,0,0,0,0,ST
2017-18,19,West Bengal,1901,DARJEELING,190131,KURSEONG_BLOCK,4,UPS (VI-VIII),5,Private Unaided (Recognized),Rural,3,0,0,0,0,0,0,0,0,0,0,0,0,0,0,0,0,0,0,0,0,0,0,0,0,0,0,ST
2017-18,19,West Bengal,1901,DARJEELING,190132,MIRIK_BLOCK,4,UPS (VI-VIII),5,Private Unaided (Recognized),Rural,3,0,0,0,0,0,0,0,0,0,0,0,0,0,0,0,0,0,0,0,0,0,0,0,0,0,0,ST
2017-18,19,West Bengal,1901,DARJEELING,190140,MIRIK_MUNICIPALITY,4,UPS (VI-VIII),5,Private Unaided (Recognized),Urban,3,0,0,0,0,0,0,0,0,0,0,0,0,0,0,0,0,0,0,0,0,0,0,0,0,0,0,ST
2017-18,19,West Bengal,1901,DARJEELING,190133,JOREBUNGLOW_SUKHIA_BLOCK,4,UPS (VI-VIII),8,Unrecognized,Rural,3,0,0,0,0,0,0,0,0,0,0,0,0,0,0,0,0,0,0,0,0,0,0,0,0,0,0,ST
2017-18,19,West Bengal,1901,DARJEELING,190137,DARJEELING_MUNICIPALITY,3,HSS (I-XII),4,Government Aided,Urban,4,0,0,0,0,0,0,0,0,0,0,0,0,0,0,0,0,0,0,0,0,0,0,0,0,0,0,OBC
2017-18,19,West Bengal,1901,DARJEELING,190129,DARJEELING_PULBAZAR_BLOCK,3,HSS (I-XII),5,Private Unaided (Recognized),Rural,4,0,0,0,0,0,0,0,0,0,0,0,0,0,0,0,0,0,0,0,0,0,0,0,0,0,0,OBC
2017-18,19,West Bengal,1901,DARJEELING,190130,RANGLI_RANGLIOT_BLOCK,3,HSS (I-XII),5,Private Unaided (Recognized),Rural,4,5,3,0,0,0,2,2,0,0,0,0,0,0,0,1,2,0,0,0,0,0,0,0,0,0,0,OBC
2017-18,19,West Bengal,1901,DARJEELING,190131,KURSEONG_BLOCK,3,HSS (I-XII),5,Private Unaided (Recognized),Rural,4,21,33,12,8,5,6,8,14,5,0,0,0,0,0,6,8,12,10,9,10,5,0,0,0,0,0,OBC
2017-18,19,West Bengal,1901,DARJEELING,190132,MIRIK_BLOCK,3,HSS (I-XII),5,Private Unaided (Recognized),Rural,4,0,0,4,7,2,5,5,6,10,11,10,19,10,7,4,0,8,4,4,15,13,7,11,9,4,5,OBC
2017-18,19,West Bengal,1901,DARJEELING,190137,DARJEELING_MUNICIPALITY,3,HSS (I-XII),5,Private Unaided (Recognized),Urban,4,0,0,7,7,5,7,18,20,9,11,10,10,29,12,23,32,44,42,53,60,43,40,31,32,64,44,OBC
2017-18,19,West Bengal,1901,DARJEELING,190139,KURSEONG_MUNICIPALITY,3,HSS (I-XII),5,Private Unaided (Recognized),Urban,4,0,0,0,0,0,0,0,0,0,0,0,0,0,0,0,0,0,0,0,0,0,0,0,0,0,0,OBC
2017-18,19,West Bengal,1901,DARJEELING,190140,MIRIK_MUNICIPALITY,3,HSS (I-XII),5,Private Unaided (Recognized),Urban,4,0,2,2,0,5,5,2,6,3,2,7,2,1,0,1,4,0,1,1,2,4,4,0,1,0,0,OBC
2017-18,19,West Bengal,1901,DARJEELING,190133,JOREBUNGLOW_SUKHIA_BLOCK,3,HSS (I-XII),92,Kendriya Vidyalaya / Central School,Rural,4,0,0,0,0,0,0,0,0,0,0,0,0,0,0,0,0,0,0,0,0,0,0,0,0,0,0,OBC
2017-18,19,West Bengal,1901,DARJEELING,190137,DARJEELING_MUNICIPALITY,3,HSS (I-XII),92,Kendriya Vidyalaya / Central School,Urban,4,0,0,0,0,0,0,0,0,0,0,0,0,0,0,0,0,0,0,0,0,0,0,0,0,0,0,OBC
2017-18,19,West Bengal,1901,DARJEELING,190129,DARJEELING_PULBAZAR_BLOCK,5,HSS (VI-XII),1,Department of Education,Rural,4,0,0,0,0,0,0,20,37,44,41,98,100,75,95,0,0,0,0,28,26,54,52,104,83,80,97,OBC
2017-18,19,West Bengal,1901,DARJEELING,190130,RANGLI_RANGLIOT_BLOCK,5,HSS (VI-XII),1,Department of Education,Rural,4,0,0,0,0,0,0,31,43,65,81,94,76,45,68,0,0,0,0,41,54,64,70,68,56,80,75,OBC
2017-18,19,West Bengal,1901,DARJEELING,190131,KURSEONG_BLOCK,5,HSS (VI-XII),1,Department of Education,Rural,4,0,0,0,0,0,0,40,58,75,83,89,68,74,102,0,0,0,0,41,56,68,79,85,105,59,79,OBC
2017-18,19,West Bengal,1901,DARJEELING,190132,MIRIK_BLOCK,5,HSS (VI-XII),1,Department of Education,Rural,4,0,0,0,0,0,0,33,47,48,43,67,50,65,67,0,0,0,0,36,52,57,56,63,56,63,96,OBC
2017-18,19,West Bengal,1901,DARJEELING,190133,JOREBUNGLOW_SUKHIA_BLOCK,5,HSS (VI-XII),1,Department of Education,Rural,4,0,0,0,0,0,0,36,52,46,60,83,96,78,149,0,0,0,0,91,108,101,119,170,130,86,127,OBC
2017-18,19,West Bengal,1901,DARJEELING,190137,DARJEELING_MUNICIPALITY,5,HSS (VI-XII),1,Department of Education,Urban,4,0,0,0,0,0,0,163,161,148,174,152,119,190,95,0,0,0,0,177,181,205,201,200,165,172,99,OBC
2017-18,19,West Bengal,1901,DARJEELING,190139,KURSEONG_MUNICIPALITY,5,HSS (VI-XII),1,Department of Education,Urban,4,0,0,0,0,0,0,5,14,6,21,29,45,44,54,0,0,0,0,57,86,82,85,106,79,121,86,OBC
2017-18,19,West Bengal,1901,DARJEELING,190140,MIRIK_MUNICIPALITY,5,HSS (VI-XII),1,Department of Education,Urban,4,0,0,0,0,0,0,0,0,0,0,0,0,0,0,0,0,0,0,0,0,0,0,0,0,0,0,OBC
2017-18,19,West Bengal,1901,DARJEELING,190137,DARJEELING_MUNICIPALITY,5,HSS (VI-XII),5,Private Unaided (Recognized),Rural,4,0,0,0,0,0,0,0,0,0,0,0,0,0,0,0,0,0,0,0,0,0,0,0,0,0,0,OBC
2017-18,19,West Bengal,1901,DARJEELING,190131,KURSEONG_BLOCK,11,HSS (XI-XII),1,Department of Education,Rural,4,0,0,0,0,0,0,0,0,0,0,0,0,2,4,0,0,0,0,0,0,0,0,0,0,1,6,OBC
2017-18,19,West Bengal,1901,DARJEELING,190139,KURSEONG_MUNICIPALITY,11,HSS (XI-XII),1,Department of Education,Urban,4,0,0,0,0,0,0,0,0,0,0,0,0,0,0,0,0,0,0,0,0,0,0,0,0,0,0,OBC
2017-18,19,West Bengal,1901,DARJEELING,190129,DARJEELING_PULBAZAR_BLOCK,1,PS (I-V),1,Department of Education,Rural,4,54,60,270,234,203,200,17,0,0,0,0,0,0,0,268,225,201,178,16,0,0,0,0,0,0,0,OBC
2017-18,19,West Bengal,1901,DARJEELING,190130,RANGLI_RANGLIOT_BLOCK,1,PS (I-V),1,Department of Education,Rural,4,71,62,109,88,86,91,8,0,0,0,0,0,0,0,131,82,80,84,5,0,0,0,0,0,0,0,OBC
2017-18,19,West Bengal,1901,DARJEELING,190131,KURSEONG_BLOCK,1,PS (I-V),1,Department of Education,Rural,4,55,43,105,93,83,68,10,0,0,0,0,0,0,0,106,82,74,81,4,0,0,0,0,0,0,0,OBC
2017-18,19,West Bengal,1901,DARJEELING,190132,MIRIK_BLOCK,1,PS (I-V),1,Department of Education,Rural,4,15,16,114,81,71,68,11,0,0,0,0,0,0,0,93,73,56,55,7,0,0,0,0,0,0,0,OBC
2017-18,19,West Bengal,1901,DARJEELING,190133,JOREBUNGLOW_SUKHIA_BLOCK,1,PS (I-V),1,Department of Education,Rural,4,84,89,168,111,114,93,2,0,0,0,0,0,0,0,156,131,121,111,3,0,0,0,0,0,0,0,OBC
2017-18,19,West Bengal,1901,DARJEELING,190137,DARJEELING_MUNICIPALITY,1,PS (I-V),1,Department of Education,Rural,4,1,0,0,0,0,0,0,0,0,0,0,0,0,0,0,0,0,0,0,0,0,0,0,0,0,0,OBC
2017-18,19,West Bengal,1901,DARJEELING,190129,DARJEELING_PULBAZAR_BLOCK,1,PS (I-V),1,Department of Education,Urban,4,0,1,2,0,0,0,1,0,0,0,0,0,0,0,0,1,0,0,1,0,0,0,0,0,0,0,OBC
2017-18,19,West Bengal,1901,DARJEELING,190133,JOREBUNGLOW_SUKHIA_BLOCK,1,PS (I-V),1,Department of Education,Urban,4,2,3,1,0,0,0,0,0,0,0,0,0,0,0,0,0,0,0,0,0,0,0,0,0,0,0,OBC
2017-18,19,West Bengal,1901,DARJEELING,190137,DARJEELING_MUNICIPALITY,1,PS (I-V),1,Department of Education,Urban,4,29,50,74,54,73,54,0,0,0,0,0,0,0,0,131,94,126,140,1,0,0,0,0,0,0,0,OBC
2017-18,19,West Bengal,1901,DARJEELING,190139,KURSEONG_MUNICIPALITY,1,PS (I-V),1,Department of Education,Urban,4,16,14,11,9,16,26,0,0,0,0,0,0,0,0,18,8,10,27,0,0,0,0,0,0,0,0,OBC
2017-18,19,West Bengal,1901,DARJEELING,190140,MIRIK_MUNICIPALITY,1,PS (I-V),1,Department of Education,Urban,4,1,0,1,2,1,0,0,0,0,0,0,0,0,0,1,0,0,1,0,0,0,0,0,0,0,0,OBC
2017-18,19,West Bengal,1901,DARJEELING,190129,DARJEELING_PULBAZAR_BLOCK,1,PS (I-V),5,Private Unaided (Recognized),Rural,4,25,17,18,7,20,14,13,0,0,0,0,0,0,0,19,16,13,10,9,0,0,0,0,0,0,0,OBC
2017-18,19,West Bengal,1901,DARJEELING,190130,RANGLI_RANGLIOT_BLOCK,1,PS (I-V),5,Private Unaided (Recognized),Rural,4,36,30,24,14,10,13,1,0,0,0,0,0,0,0,15,22,15,16,0,0,0,0,0,0,0,0,OBC
2017-18,19,West Bengal,1901,DARJEELING,190131,KURSEONG_BLOCK,1,PS (I-V),5,Private Unaided (Recognized),Rural,4,38,32,13,8,12,10,0,0,0,0,0,0,0,0,26,16,10,12,0,0,0,0,0,0,0,0,OBC
2017-18,19,West Bengal,1901,DARJEELING,190132,MIRIK_BLOCK,1,PS (I-V),5,Private Unaided (Recognized),Rural,4,0,0,0,0,0,0,0,0,0,0,0,0,0,0,0,0,0,0,0,0,0,0,0,0,0,0,OBC
2017-18,19,West Bengal,1901,DARJEELING,190133,JOREBUNGLOW_SUKHIA_BLOCK,1,PS (I-V),5,Private Unaided (Recognized),Rural,4,5,13,8,6,5,4,2,0,0,0,0,0,0,0,6,8,3,11,0,0,0,0,0,0,0,0,OBC
2017-18,19,West Bengal,1901,DARJEELING,190140,MIRIK_MUNICIPALITY,1,PS (I-V),5,Private Unaided (Recognized),Rural,4,0,0,0,0,0,0,0,0,0,0,0,0,0,0,0,0,0,0,0,0,0,0,0,0,0,0,OBC
2017-18,19,West Bengal,1901,DARJEELING,190129,DARJEELING_PULBAZAR_BLOCK,1,PS (I-V),5,Private Unaided (Recognized),Urban,4,3,3,2,3,0,0,0,0,0,0,0,0,0,0,2,0,0,3,1,0,0,0,0,0,0,0,OBC
2017-18,19,West Bengal,1901,DARJEELING,190137,DARJEELING_MUNICIPALITY,1,PS (I-V),5,Private Unaided (Recognized),Urban,4,25,19,4,7,6,5,3,0,0,0,0,0,0,0,7,3,2,9,2,0,0,0,0,0,0,0,OBC
2017-18,19,West Bengal,1901,DARJEELING,190139,KURSEONG_MUNICIPALITY,1,PS (I-V),5,Private Unaided (Recognized),Urban,4,0,0,0,0,0,0,0,0,0,0,0,0,0,0,0,0,0,0,0,0,0,0,0,0,0,0,OBC
2017-18,19,West Bengal,1901,DARJEELING,190140,MIRIK_MUNICIPALITY,1,PS (I-V),5,Private Unaided (Recognized),Urban,4,3,0,0,3,0,2,0,0,0,0,0,0,0,0,1,0,0,0,1,0,0,0,0,0,0,0,OBC
2017-18,19,West Bengal,1901,DARJEELING,190129,DARJEELING_PULBAZAR_BLOCK,1,PS (I-V),8,Unrecognized,Rural,4,0,0,2,0,1,0,0,0,0,0,0,0,0,0,0,1,0,0,0,0,0,0,0,0,0,0,OBC
2017-18,19,West Bengal,1901,DARJEELING,190137,DARJEELING_MUNICIPALITY,1,PS (I-V),92,Kendriya Vidyalaya / Central School,Urban,4,3,1,0,0,1,1,0,0,0,0,0,0,0,0,0,0,1,0,0,0,0,0,0,0,0,0,OBC
2017-18,19,West Bengal,1901,DARJEELING,190131,KURSEONG_BLOCK,6,SS (I-X),1,Department of Education,Rural,4,0,0,0,0,0,0,2,2,1,2,0,0,0,0,0,0,0,0,3,5,5,7,0,0,0,0,OBC
2017-18,19,West Bengal,1901,DARJEELING,190139,KURSEONG_MUNICIPALITY,6,SS (I-X),1,Department of Education,Urban,4,1,0,2,1,4,0,0,0,0,0,0,0,0,0,1,5,2,3,2,2,4,5,2,2,0,0,OBC
2017-18,19,West Bengal,1901,DARJEELING,190129,DARJEELING_PULBAZAR_BLOCK,6,SS (I-X),5,Private Unaided (Recognized),Rural,4,67,54,22,25,26,29,33,23,32,32,23,21,0,0,21,15,18,25,20,19,33,33,36,18,0,0,OBC
2017-18,19,West Bengal,1901,DARJEELING,190130,RANGLI_RANGLIOT_BLOCK,6,SS (I-X),5,Private Unaided (Recognized),Rural,4,5,2,2,2,0,1,1,1,0,0,0,0,0,0,3,0,5,0,1,0,1,2,0,0,0,0,OBC
2017-18,19,West Bengal,1901,DARJEELING,190131,KURSEONG_BLOCK,6,SS (I-X),5,Private Unaided (Recognized),Rural,4,5,1,3,5,8,5,11,6,9,5,2,0,0,0,6,5,4,6,12,10,10,8,1,2,0,0,OBC
2017-18,19,West Bengal,1901,DARJEELING,190132,MIRIK_BLOCK,6,SS (I-X),5,Private Unaided (Recognized),Rural,4,0,0,10,9,15,13,36,36,41,27,29,28,0,0,10,13,17,23,29,30,21,33,24,20,0,0,OBC
2017-18,19,West Bengal,1901,DARJEELING,190133,JOREBUNGLOW_SUKHIA_BLOCK,6,SS (I-X),5,Private Unaided (Recognized),Rural,4,7,10,11,17,11,9,14,16,11,12,4,1,0,0,7,9,7,11,10,10,12,9,6,7,0,0,OBC
2017-18,19,West Bengal,1901,DARJEELING,190139,KURSEONG_MUNICIPALITY,6,SS (I-X),5,Private Unaided (Recognized),Rural,4,0,0,0,0,0,0,0,0,0,0,0,0,0,0,0,0,0,0,0,0,0,0,0,0,0,0,OBC
2017-18,19,West Bengal,1901,DARJEELING,190137,DARJEELING_MUNICIPALITY,6,SS (I-X),5,Private Unaided (Recognized),Urban,4,0,0,0,0,0,0,0,0,0,0,0,0,0,0,0,0,0,0,0,0,0,0,0,0,0,0,OBC
2017-18,19,West Bengal,1901,DARJEELING,190139,KURSEONG_MUNICIPALITY,6,SS (I-X),5,Private Unaided (Recognized),Urban,4,0,0,0,0,0,0,0,0,0,0,0,0,0,0,0,0,0,0,0,0,0,0,0,0,0,0,OBC
2017-18,19,West Bengal,1901,DARJEELING,190140,MIRIK_MUNICIPALITY,6,SS (I-X),5,Private Unaided (Recognized),Urban,4,0,0,4,9,12,8,18,8,3,19,26,13,0,0,6,12,9,7,7,16,11,16,11,14,0,0,OBC
2017-18,19,West Bengal,1901,DARJEELING,190133,JOREBUNGLOW_SUKHIA_BLOCK,6,SS (I-X),8,Unrecognized,Rural,4,0,0,2,2,1,2,2,2,2,2,1,5,0,0,1,2,1,1,2,1,1,2,1,5,0,0,OBC
2017-18,19,West Bengal,1901,DARJEELING,190129,DARJEELING_PULBAZAR_BLOCK,7,SS (VI-X),1,Department of Education,Rural,4,0,0,0,0,0,0,107,141,131,138,77,64,0,0,0,0,0,0,86,101,124,142,91,54,0,0,OBC
2017-18,19,West Bengal,1901,DARJEELING,190130,RANGLI_RANGLIOT_BLOCK,7,SS (VI-X),1,Department of Education,Rural,4,0,0,0,0,0,0,64,98,67,72,35,33,0,0,0,0,0,0,47,69,66,78,29,21,0,0,OBC
2017-18,19,West Bengal,1901,DARJEELING,190131,KURSEONG_BLOCK,7,SS (VI-X),1,Department of Education,Rural,4,0,0,0,0,0,0,42,50,48,57,33,29,0,0,0,0,0,0,26,47,47,40,32,25,0,0,OBC
2017-18,19,West Bengal,1901,DARJEELING,190132,MIRIK_BLOCK,7,SS (VI-X),1,Department of Education,Rural,4,0,0,0,0,0,0,12,33,24,32,8,14,0,0,0,0,0,0,15,22,18,27,7,10,0,0,OBC
2017-18,19,West Bengal,1901,DARJEELING,190133,JOREBUNGLOW_SUKHIA_BLOCK,7,SS (VI-X),1,Department of Education,Rural,4,0,0,0,0,0,0,92,108,124,122,82,67,0,0,0,0,0,0,95,91,125,94,72,60,0,0,OBC
2017-18,19,West Bengal,1901,DARJEELING,190137,DARJEELING_MUNICIPALITY,7,SS (VI-X),1,Department of Education,Urban,4,0,0,0,0,0,0,13,19,22,19,17,22,0,0,0,0,0,0,18,24,22,32,36,26,0,0,OBC
2017-18,19,West Bengal,1901,DARJEELING,190139,KURSEONG_MUNICIPALITY,7,SS (VI-X),1,Department of Education,Urban,4,0,0,0,0,0,0,0,0,0,0,0,0,0,0,0,0,0,0,0,0,0,0,0,1,0,0,OBC
2017-18,19,West Bengal,1901,DARJEELING,190129,DARJEELING_PULBAZAR_BLOCK,7,SS (VI-X),5,Private Unaided (Recognized),Rural,4,0,0,0,0,0,0,0,0,0,0,0,0,0,0,0,0,0,0,0,0,0,0,0,0,0,0,OBC
2017-18,19,West Bengal,1901,DARJEELING,190130,RANGLI_RANGLIOT_BLOCK,7,SS (VI-X),5,Private Unaided (Recognized),Rural,4,0,2,0,0,0,0,0,0,4,3,0,0,0,0,0,0,0,0,2,2,1,1,0,0,0,0,OBC
2017-18,19,West Bengal,1901,DARJEELING,190131,KURSEONG_BLOCK,7,SS (VI-X),5,Private Unaided (Recognized),Rural,4,0,0,0,0,0,0,0,5,0,4,0,0,0,0,0,0,0,0,3,6,2,2,0,0,0,0,OBC
2017-18,19,West Bengal,1901,DARJEELING,190133,JOREBUNGLOW_SUKHIA_BLOCK,7,SS (VI-X),5,Private Unaided (Recognized),Rural,4,0,0,0,0,0,0,4,3,3,2,5,1,0,0,0,0,0,0,4,6,4,6,2,1,0,0,OBC
2017-18,19,West Bengal,1901,DARJEELING,190137,DARJEELING_MUNICIPALITY,7,SS (VI-X),5,Private Unaided (Recognized),Urban,4,0,0,0,0,0,0,0,0,0,0,0,0,0,0,0,0,0,0,0,0,0,0,0,0,0,0,OBC
2017-18,19,West Bengal,1901,DARJEELING,190133,JOREBUNGLOW_SUKHIA_BLOCK,7,SS (VI-X),92,Kendriya Vidyalaya / Central School,Rural,4,0,0,0,0,0,0,0,0,0,0,0,0,0,0,0,0,0,0,0,0,0,0,0,0,0,0,OBC
2017-18,19,West Bengal,1901,DARJEELING,190129,DARJEELING_PULBAZAR_BLOCK,2,UPS (I-VIII),1,Department of Education,Rural,4,0,0,0,0,0,0,0,0,0,0,0,0,0,0,0,0,0,0,1,0,0,0,0,0,0,0,OBC
2017-18,19,West Bengal,1901,DARJEELING,190130,RANGLI_RANGLIOT_BLOCK,2,UPS (I-VIII),1,Department of Education,Rural,4,0,0,0,0,0,0,7,0,5,0,0,0,0,0,0,0,0,0,1,2,2,0,0,0,0,0,OBC
2017-18,19,West Bengal,1901,DARJEELING,190137,DARJEELING_MUNICIPALITY,2,UPS (I-VIII),1,Department of Education,Urban,4,0,0,0,0,0,0,0,0,0,0,0,0,0,0,0,0,0,0,0,0,0,0,0,0,0,0,OBC
2017-18,19,West Bengal,1901,DARJEELING,190129,DARJEELING_PULBAZAR_BLOCK,2,UPS (I-VIII),5,Private Unaided (Recognized),Rural,4,18,17,5,5,5,15,10,11,2,0,0,0,0,0,8,9,3,4,5,10,9,0,0,0,0,0,OBC
2017-18,19,West Bengal,1901,DARJEELING,190130,RANGLI_RANGLIOT_BLOCK,2,UPS (I-VIII),5,Private Unaided (Recognized),Rural,4,0,5,3,3,2,4,6,3,4,13,0,0,0,0,6,6,2,3,3,2,2,2,0,0,0,0,OBC
2017-18,19,West Bengal,1901,DARJEELING,190131,KURSEONG_BLOCK,2,UPS (I-VIII),5,Private Unaided (Recognized),Rural,4,0,0,0,0,0,0,0,0,0,0,0,0,0,0,0,0,0,0,0,0,0,0,0,0,0,0,OBC
2017-18,19,West Bengal,1901,DARJEELING,190132,MIRIK_BLOCK,2,UPS (I-VIII),5,Private Unaided (Recognized),Rural,4,18,11,10,8,4,2,3,6,3,0,0,0,0,0,3,3,2,1,2,3,2,0,0,0,0,0,OBC
2017-18,19,West Bengal,1901,DARJEELING,190133,JOREBUNGLOW_SUKHIA_BLOCK,2,UPS (I-VIII),5,Private Unaided (Recognized),Rural,4,0,0,0,0,0,0,0,0,0,0,0,0,0,0,0,0,0,0,0,0,0,0,0,0,0,0,OBC
2017-18,19,West Bengal,1901,DARJEELING,190137,DARJEELING_MUNICIPALITY,2,UPS (I-VIII),5,Private Unaided (Recognized),Rural,4,0,0,0,0,0,0,0,0,0,0,0,0,0,0,0,0,0,0,0,0,0,0,0,0,0,0,OBC
2017-18,19,West Bengal,1901,DARJEELING,190129,DARJEELING_PULBAZAR_BLOCK,2,UPS (I-VIII),5,Private Unaided (Recognized),Urban,4,0,0,0,0,0,0,0,0,0,0,0,0,0,0,0,0,0,0,0,0,0,0,0,0,0,0,OBC
2017-18,19,West Bengal,1901,DARJEELING,190137,DARJEELING_MUNICIPALITY,2,UPS (I-VIII),5,Private Unaided (Recognized),Urban,4,2,2,0,2,0,2,2,0,0,0,0,0,0,0,0,0,0,0,1,0,0,0,0,0,0,0,OBC
2017-18,19,West Bengal,1901,DARJEELING,190139,KURSEONG_MUNICIPALITY,2,UPS (I-VIII),5,Private Unaided (Recognized),Urban,4,0,0,0,0,0,0,0,0,0,0,0,0,0,0,0,0,0,0,0,0,0,0,0,0,0,0,OBC
2017-18,19,West Bengal,1901,DARJEELING,190129,DARJEELING_PULBAZAR_BLOCK,4,UPS (VI-VIII),1,Department of Education,Rural,4,0,0,0,0,0,0,0,0,0,0,0,0,0,0,0,0,0,0,0,0,0,0,0,0,0,0,OBC
2017-18,19,West Bengal,1901,DARJEELING,190131,KURSEONG_BLOCK,4,UPS (VI-VIII),1,Department of Education,Rural,4,0,0,0,0,0,0,0,0,0,0,0,0,0,0,0,0,0,0,0,0,0,0,0,0,0,0,OBC
2017-18,19,West Bengal,1901,DARJEELING,190132,MIRIK_BLOCK,4,UPS (VI-VIII),1,Department of Education,Rural,4,0,0,0,0,0,0,0,0,0,0,0,0,0,0,0,0,0,0,0,0,0,0,0,0,0,0,OBC
2017-18,19,West Bengal,1901,DARJEELING,190137,DARJEELING_MUNICIPALITY,4,UPS (VI-VIII),1,Department of Education,Urban,4,0,0,0,0,0,0,0,0,0,0,0,0,0,0,0,0,0,0,0,0,0,0,0,0,0,0,OBC
2017-18,19,West Bengal,1901,DARJEELING,190129,DARJEELING_PULBAZAR_BLOCK,4,UPS (VI-VIII),5,Private Unaided (Recognized),Rural,4,0,0,0,0,0,0,0,0,0,0,0,0,0,0,0,0,0,0,0,0,0,0,0,0,0,0,OBC
2017-18,19,West Bengal,1901,DARJEELING,190131,KURSEONG_BLOCK,4,UPS (VI-VIII),5,Private Unaided (Recognized),Rural,4,0,0,0,0,0,0,0,0,0,0,0,0,0,0,0,0,0,0,0,0,0,0,0,0,0,0,OBC
2017-18,19,West Bengal,1901,DARJEELING,190132,MIRIK_BLOCK,4,UPS (VI-VIII),5,Private Unaided (Recognized),Rural,4,0,0,0,0,0,0,0,0,0,0,0,0,0,0,0,0,0,0,0,0,0,0,0,0,0,0,OBC
2017-18,19,West Bengal,1901,DARJEELING,190140,MIRIK_MUNICIPALITY,4,UPS (VI-VIII),5,Private Unaided (Recognized),Urban,4,0,0,0,0,0,0,0,0,0,0,0,0,0,0,0,0,0,0,0,0,0,0,0,0,0,0,OBC
2017-18,19,West Bengal,1901,DARJEELING,190133,JOREBUNGLOW_SUKHIA_BLOCK,4,UPS (VI-VIII),8,Unrecognized,Rural,4,0,0,0,0,0,0,0,0,0,0,0,0,0,0,0,0,0,0,0,0,0,0,0,0,0,0,OBC
