Academic_Year,State_Code,State_Name,District_Code,District_Name,Block_Code,Udise_Block_Name,School_Category_Id,School_Category_Name,School_Management_Id,School_Management_Name,Location,School_Type_Id,School_Type,Total_Number_of_Schools,Building,Complete_Medical_Checkup,Computer_Available,Functional_Drinking_Water,Drinking_Water,Functional_Electricity,Functional_Boy_Toilet,Functional_Girl_Toilet,Functional_Toilet_Facility,Functional_Toilet_and_Urinal,Functional_Urinal,Functional_Urinal_Boy,Functional_Urinal_Girl,Handwash,Separate_Room_for_Headmaster,Incinerator,Internet,Kitchen_Garden,Land_Available,Librarian,Library_or_Reading_Corner_or_Book_Bank,Medical_Checkup,Newspaper,Playground,Rain_Water_Harvesting,Ramps,Solar_Panel,Furniture,Water_Purifier,Water_Tested
2016-17,19,West Bengal,1901,DARJILING,190101,,1,PS (I-V),5,Private Unaided (Recognized),Rural,3,Co-Ed,1,0,0,0,1,1,1,1,1,1,0,0,0,0,1,1,0,0,0,1,0,1,1,0,1,0,0,0,1,0,0
2016-17,19,West Bengal,1901,DARJILING,190101,,6,SS (I-X),5,Private Unaided (Recognized),Rural,3,Co-Ed,1,1,0,1,0,0,0,1,1,1,0,0,0,0,1,1,0,1,0,1,0,1,1,0,1,1,0,0,0,0,0
2016-17,19,West Bengal,1901,DARJILING,190101,,2,UPS (I-VIII),5,Private Unaided (Recognized),Rural,3,Co-Ed,1,1,0,0,0,0,0,0,0,0,0,0,0,0,0,0,0,0,0,0,0,0,0,0,0,0,0,0,0,0,0
2016-17,19,West Bengal,1901,DARJILING,190104,,1,PS (I-V),5,Private Unaided (Recognized),Rural,3,Co-Ed,1,0,0,0,0,0,0,0,0,0,0,0,0,0,0,0,0,0,0,0,0,0,0,0,0,0,0,0,0,0,0
2016-17,19,West Bengal,1901,DARJILING,190105,,1,PS (I-V),7,Central Govt,Urban,3,Co-Ed,1,1,0,0,0,0,1,1,1,1,0,0,0,0,1,0,0,0,0,0,0,0,0,0,0,0,0,0,1,0,0
2016-17,19,West Bengal,1901,DARJILING,190111,,4,UPS (VI-VIII),1,Department of Education,Rural,3,Co-Ed,1,1,0,1,0,0,1,1,1,1,0,0,0,0,0,0,0,0,1,1,0,1,1,0,1,0,0,0,0,0,0
2016-17,19,West Bengal,1901,DARJILING,190129,DARJEELING_PULBAZAR_BLOCK,3,HSS (I-XII),5,Private Unaided (Recognized),Rural,3,Co-Ed,1,1,0,1,1,1,1,1,1,1,0,0,0,0,1,1,0,0,0,1,1,1,0,1,1,0,0,0,1,0,0
2016-17,19,West Bengal,1901,DARJILING,190129,DARJEELING_PULBAZAR_BLOCK,5,HSS (VI-XII),1,Department of Education,Rural,3,Co-Ed,4,4,0,4,1,2,4,4,4,4,0,0,0,0,1,2,0,0,4,4,1,3,3,1,4,0,0,0,2,0,0
2016-17,19,West Bengal,1901,DARJILING,190129,DARJEELING_PULBAZAR_BLOCK,1,PS (I-V),1,Department of Education,Rural,1,Boys,1,1,0,0,0,1,1,1,1,1,0,0,0,0,0,0,0,0,1,1,0,0,1,0,1,0,1,0,0,0,0
2016-17,19,West Bengal,1901,DARJILING,190129,DARJEELING_PULBAZAR_BLOCK,1,PS (I-V),1,Department of Education,Rural,2,Girls,1,1,0,0,1,1,1,1,1,1,0,0,0,0,0,0,0,0,1,0,0,0,1,0,1,0,1,0,1,0,0
2016-17,19,West Bengal,1901,DARJILING,190129,DARJEELING_PULBAZAR_BLOCK,1,PS (I-V),1,Department of Education,Rural,3,Co-Ed,275,256,0,13,63,152,85,266,263,269,0,0,0,0,42,38,0,0,163,239,0,9,66,2,227,0,96,0,65,0,0
2016-17,19,West Bengal,1901,DARJILING,190129,DARJEELING_PULBAZAR_BLOCK,1,PS (I-V),5,Private Unaided (Recognized),Rural,3,Co-Ed,22,22,0,11,20,22,12,20,21,21,0,0,0,0,19,17,0,0,0,19,0,6,4,3,17,0,1,0,16,0,0
2016-17,19,West Bengal,1901,DARJILING,190129,DARJEELING_PULBAZAR_BLOCK,1,PS (I-V),8,Unrecognized,Rural,3,Co-Ed,1,1,0,1,0,1,0,1,1,1,0,0,0,0,1,1,0,0,0,1,0,0,0,0,1,0,0,0,1,0,0
2016-17,19,West Bengal,1901,DARJILING,190129,DARJEELING_PULBAZAR_BLOCK,1,PS (I-V),1,Department of Education,Urban,3,Co-Ed,1,1,0,0,0,1,1,1,1,1,0,0,0,0,0,0,0,0,1,1,0,0,0,0,1,0,1,0,0,0,0
2016-17,19,West Bengal,1901,DARJILING,190129,DARJEELING_PULBAZAR_BLOCK,6,SS (I-X),5,Private Unaided (Recognized),Rural,3,Co-Ed,2,2,0,2,2,2,2,2,2,2,0,0,0,0,2,2,0,1,0,2,1,2,1,2,2,0,0,0,2,0,0
2016-17,19,West Bengal,1901,DARJILING,190129,DARJEELING_PULBAZAR_BLOCK,7,SS (VI-X),1,Department of Education,Rural,3,Co-Ed,6,4,0,5,1,4,4,5,5,5,0,0,0,0,1,2,0,1,5,6,0,3,4,2,6,0,3,0,3,0,0
2016-17,19,West Bengal,1901,DARJILING,190129,DARJEELING_PULBAZAR_BLOCK,7,SS (VI-X),5,Private Unaided (Recognized),Rural,3,Co-Ed,2,1,0,0,0,1,1,2,2,2,0,0,0,0,0,1,0,0,0,1,0,1,2,1,2,0,0,0,1,0,0
2016-17,19,West Bengal,1901,DARJILING,190129,DARJEELING_PULBAZAR_BLOCK,2,UPS (I-VIII),5,Private Unaided (Recognized),Rural,3,Co-Ed,2,2,0,1,2,2,1,2,2,2,0,0,0,0,2,1,0,0,0,2,1,1,1,1,1,0,0,0,1,0,0
2016-17,19,West Bengal,1901,DARJILING,190129,DARJEELING_PULBAZAR_BLOCK,4,UPS (VI-VIII),1,Department of Education,Rural,3,Co-Ed,30,25,0,24,5,12,15,28,26,28,0,0,0,0,5,3,0,1,26,29,0,14,14,2,26,0,6,0,9,0,0
2016-17,19,West Bengal,1901,DARJILING,190129,DARJEELING_PULBAZAR_BLOCK,4,UPS (VI-VIII),5,Private Unaided (Recognized),Rural,3,Co-Ed,1,1,0,0,0,1,0,1,1,1,0,0,0,0,1,1,0,0,0,1,0,1,0,0,1,0,0,0,1,0,0
2016-17,19,West Bengal,1901,DARJILING,190130,RANGLI_RANGLIOT_BLOCK,5,HSS (VI-XII),1,Department of Education,Rural,3,Co-Ed,4,4,0,4,4,4,4,4,4,4,0,0,0,0,2,3,0,0,4,4,3,3,2,1,4,0,1,0,2,0,0
2016-17,19,West Bengal,1901,DARJILING,190130,RANGLI_RANGLIOT_BLOCK,1,PS (I-V),1,Department of Education,Rural,3,Co-Ed,127,95,0,11,31,93,41,122,123,123,0,0,0,0,57,8,0,0,83,110,0,9,64,0,104,0,41,0,42,0,0
2016-17,19,West Bengal,1901,DARJILING,190130,RANGLI_RANGLIOT_BLOCK,1,PS (I-V),4,Government Aided,Rural,3,Co-Ed,1,1,0,0,1,1,1,1,1,1,0,0,0,0,1,0,0,0,0,1,0,0,0,0,0,0,0,0,1,0,0
2016-17,19,West Bengal,1901,DARJILING,190130,RANGLI_RANGLIOT_BLOCK,1,PS (I-V),5,Private Unaided (Recognized),Rural,3,Co-Ed,31,27,0,12,21,26,16,29,29,29,0,0,0,0,19,18,0,0,0,17,0,14,10,4,18,0,0,0,19,0,0
2016-17,19,West Bengal,1901,DARJILING,190130,RANGLI_RANGLIOT_BLOCK,6,SS (I-X),4,Government Aided,Rural,3,Co-Ed,1,1,0,1,1,1,0,1,1,1,0,0,0,0,1,1,0,0,0,1,0,1,0,1,1,0,0,0,1,0,0
2016-17,19,West Bengal,1901,DARJILING,190130,RANGLI_RANGLIOT_BLOCK,6,SS (I-X),5,Private Unaided (Recognized),Rural,3,Co-Ed,2,2,0,1,2,2,2,2,2,2,0,0,0,0,2,1,0,0,0,0,1,2,0,0,2,0,0,0,2,0,0
2016-17,19,West Bengal,1901,DARJILING,190130,RANGLI_RANGLIOT_BLOCK,7,SS (VI-X),1,Department of Education,Rural,3,Co-Ed,5,4,0,4,2,4,3,5,4,5,0,0,0,0,2,1,0,1,5,4,0,1,5,2,5,0,3,0,2,0,0
2016-17,19,West Bengal,1901,DARJILING,190130,RANGLI_RANGLIOT_BLOCK,7,SS (VI-X),5,Private Unaided (Recognized),Rural,3,Co-Ed,1,1,0,0,0,1,1,1,1,1,0,0,0,0,1,1,0,0,0,1,0,0,0,0,1,0,0,0,1,0,0
2016-17,19,West Bengal,1901,DARJILING,190130,RANGLI_RANGLIOT_BLOCK,2,UPS (I-VIII),5,Private Unaided (Recognized),Rural,3,Co-Ed,4,4,0,4,2,4,2,4,4,4,0,0,0,0,2,4,0,0,0,4,0,4,2,1,4,0,1,0,3,0,0
2016-17,19,West Bengal,1901,DARJILING,190130,RANGLI_RANGLIOT_BLOCK,4,UPS (VI-VIII),1,Department of Education,Rural,3,Co-Ed,15,11,0,11,2,7,10,12,12,12,0,0,0,0,2,0,0,1,13,13,0,6,7,1,14,0,2,0,5,0,0
2016-17,19,West Bengal,1901,DARJILING,190130,RANGLI_RANGLIOT_BLOCK,4,UPS (VI-VIII),5,Private Unaided (Recognized),Rural,3,Co-Ed,3,2,0,1,2,3,1,2,2,2,0,0,0,0,2,1,0,0,0,3,0,1,0,2,2,0,0,0,2,0,0
2016-17,19,West Bengal,1901,DARJILING,190131,KURSEONG_BLOCK,5,HSS (VI-XII),1,Department of Education,Rural,1,Boys,1,1,0,1,0,0,1,1,1,1,0,0,0,0,0,1,0,0,1,1,1,1,1,1,1,0,0,0,0,0,0
2016-17,19,West Bengal,1901,DARJILING,190131,KURSEONG_BLOCK,5,HSS (VI-XII),1,Department of Education,Rural,2,Girls,1,1,0,1,0,0,1,1,1,1,0,0,0,0,0,1,0,0,0,1,0,0,1,1,0,0,0,0,0,0,0
2016-17,19,West Bengal,1901,DARJILING,190131,KURSEONG_BLOCK,5,HSS (VI-XII),1,Department of Education,Rural,3,Co-Ed,5,4,0,5,3,4,4,5,5,5,0,0,0,0,1,3,0,2,5,4,2,4,4,2,3,0,2,0,1,0,0
2016-17,19,West Bengal,1901,DARJILING,190131,KURSEONG_BLOCK,11,HSS (XI-XII),1,Department of Education,Rural,3,Co-Ed,1,1,0,1,1,1,1,1,1,1,0,0,0,0,1,1,0,1,0,0,0,1,0,1,1,0,0,0,1,0,0
2016-17,19,West Bengal,1901,DARJILING,190131,KURSEONG_BLOCK,1,PS (I-V),1,Department of Education,Rural,3,Co-Ed,144,140,0,3,50,93,65,140,142,143,0,0,0,0,40,22,0,0,113,103,0,19,78,3,78,0,69,0,26,0,0
2016-17,19,West Bengal,1901,DARJILING,190131,KURSEONG_BLOCK,1,PS (I-V),5,Private Unaided (Recognized),Rural,3,Co-Ed,21,20,0,7,11,17,10,20,20,20,0,0,0,0,11,9,0,0,0,7,0,3,4,1,15,0,0,0,11,0,0
2016-17,19,West Bengal,1901,DARJILING,190131,KURSEONG_BLOCK,6,SS (I-X),5,Private Unaided (Recognized),Rural,3,Co-Ed,4,4,0,3,4,4,4,4,4,4,0,0,0,0,4,4,0,2,0,4,1,3,2,3,4,0,0,0,4,0,0
2016-17,19,West Bengal,1901,DARJILING,190131,KURSEONG_BLOCK,7,SS (VI-X),1,Department of Education,Rural,2,Girls,1,1,0,1,0,0,1,1,1,1,0,0,0,0,0,1,0,0,1,1,0,0,1,1,1,0,0,0,0,0,0
2016-17,19,West Bengal,1901,DARJILING,190131,KURSEONG_BLOCK,7,SS (VI-X),1,Department of Education,Rural,3,Co-Ed,2,2,0,1,2,2,2,2,2,2,0,0,0,0,2,1,0,1,1,2,0,0,2,0,1,0,0,0,1,0,0
2016-17,19,West Bengal,1901,DARJILING,190131,KURSEONG_BLOCK,7,SS (VI-X),5,Private Unaided (Recognized),Rural,3,Co-Ed,5,4,0,2,1,4,3,4,4,4,0,0,0,0,2,3,0,1,0,4,1,2,2,1,4,0,1,0,4,0,0
2016-17,19,West Bengal,1901,DARJILING,190131,KURSEONG_BLOCK,2,UPS (I-VIII),5,Private Unaided (Recognized),Rural,3,Co-Ed,2,2,0,1,2,2,2,2,2,2,0,0,0,0,2,2,0,0,0,1,0,1,2,1,2,0,0,0,2,0,0
2016-17,19,West Bengal,1901,DARJILING,190131,KURSEONG_BLOCK,4,UPS (VI-VIII),1,Department of Education,Rural,3,Co-Ed,11,9,0,7,1,2,7,10,9,10,0,0,0,0,1,2,0,0,7,7,0,4,6,2,8,0,1,0,5,0,0
2016-17,19,West Bengal,1901,DARJILING,190131,KURSEONG_BLOCK,4,UPS (VI-VIII),5,Private Unaided (Recognized),Rural,3,Co-Ed,2,1,0,1,0,1,1,2,2,2,0,0,0,0,1,0,0,0,0,2,0,1,1,1,2,0,0,0,1,0,0
2016-17,19,West Bengal,1901,DARJILING,190132,MIRIK_BLOCK,5,HSS (VI-XII),1,Department of Education,Rural,3,Co-Ed,4,4,0,4,1,3,4,3,4,4,0,0,0,0,1,3,0,0,4,4,1,4,4,3,2,0,2,0,3,0,0
2016-17,19,West Bengal,1901,DARJILING,190132,MIRIK_BLOCK,1,PS (I-V),1,Department of Education,Rural,3,Co-Ed,81,76,0,7,22,51,25,79,80,80,0,0,0,0,19,3,0,0,42,72,0,2,46,1,61,0,22,0,39,0,0
2016-17,19,West Bengal,1901,DARJILING,190132,MIRIK_BLOCK,1,PS (I-V),5,Private Unaided (Recognized),Rural,3,Co-Ed,2,1,0,1,0,1,1,1,1,1,0,0,0,0,0,1,0,0,0,1,1,0,1,0,1,0,0,0,1,0,0
2016-17,19,West Bengal,1901,DARJILING,190132,MIRIK_BLOCK,6,SS (I-X),5,Private Unaided (Recognized),Rural,3,Co-Ed,3,2,0,3,1,3,3,3,3,3,0,0,0,0,3,3,0,2,1,3,1,2,1,3,3,2,1,0,3,0,0
2016-17,19,West Bengal,1901,DARJILING,190132,MIRIK_BLOCK,7,SS (VI-X),1,Department of Education,Rural,3,Co-Ed,2,1,0,2,2,2,2,2,2,2,0,0,0,0,0,1,0,0,2,2,0,1,2,0,2,0,1,0,1,0,0
2016-17,19,West Bengal,1901,DARJILING,190132,MIRIK_BLOCK,2,UPS (I-VIII),5,Private Unaided (Recognized),Rural,3,Co-Ed,3,3,0,0,2,3,1,3,3,3,0,0,0,0,2,0,0,0,0,2,0,1,0,0,2,0,0,0,3,0,0
2016-17,19,West Bengal,1901,DARJILING,190132,MIRIK_BLOCK,4,UPS (VI-VIII),1,Department of Education,Rural,3,Co-Ed,6,5,0,2,2,4,1,4,4,4,0,0,0,0,0,0,0,0,4,5,1,3,3,1,6,0,0,0,2,0,0
2016-17,19,West Bengal,1901,DARJILING,190132,MIRIK_BLOCK,4,UPS (VI-VIII),5,Private Unaided (Recognized),Rural,3,Co-Ed,2,2,0,1,1,1,1,2,2,2,0,0,0,0,1,2,0,1,0,1,0,1,1,1,2,0,0,0,2,0,0
2016-17,19,West Bengal,1901,DARJILING,190133,JOREBUNGLOW_SUKHIA_BLOCK,3,HSS (I-XII),7,Central Govt,Rural,3,Co-Ed,1,1,0,1,1,1,1,1,1,1,0,0,0,0,0,0,0,0,0,0,0,1,1,1,1,0,0,0,0,0,0
2016-17,19,West Bengal,1901,DARJILING,190133,JOREBUNGLOW_SUKHIA_BLOCK,5,HSS (VI-XII),1,Department of Education,Rural,1,Boys,1,0,0,1,0,1,1,1,1,1,0,0,0,0,0,1,0,0,1,1,0,1,1,0,1,0,0,0,0,0,0
2016-17,19,West Bengal,1901,DARJILING,190133,JOREBUNGLOW_SUKHIA_BLOCK,5,HSS (VI-XII),1,Department of Education,Rural,2,Girls,2,2,0,1,1,2,1,2,2,2,0,0,0,0,1,1,0,0,2,2,0,2,2,1,2,0,1,0,1,0,0
2016-17,19,West Bengal,1901,DARJILING,190133,JOREBUNGLOW_SUKHIA_BLOCK,5,HSS (VI-XII),1,Department of Education,Rural,3,Co-Ed,6,4,0,6,5,5,6,6,6,6,0,0,0,0,2,2,0,2,6,5,1,4,5,1,6,1,3,0,2,0,0
2016-17,19,West Bengal,1901,DARJILING,190133,JOREBUNGLOW_SUKHIA_BLOCK,1,PS (I-V),1,Department of Education,Rural,1,Boys,1,1,0,0,0,1,1,1,1,1,0,0,0,0,1,1,0,0,1,1,0,0,0,0,1,0,0,0,0,0,0
2016-17,19,West Bengal,1901,DARJILING,190133,JOREBUNGLOW_SUKHIA_BLOCK,1,PS (I-V),1,Department of Education,Rural,2,Girls,1,0,0,0,1,1,1,1,1,1,0,0,0,0,1,0,0,0,1,1,0,0,0,0,1,0,0,0,0,0,0
2016-17,19,West Bengal,1901,DARJILING,190133,JOREBUNGLOW_SUKHIA_BLOCK,1,PS (I-V),1,Department of Education,Rural,3,Co-Ed,208,172,0,8,56,164,69,204,205,206,0,0,0,0,57,32,0,0,150,175,0,4,68,1,164,0,56,0,38,0,0
2016-17,19,West Bengal,1901,DARJILING,190133,JOREBUNGLOW_SUKHIA_BLOCK,1,PS (I-V),5,Private Unaided (Recognized),Rural,3,Co-Ed,39,38,0,19,25,30,13,38,38,38,0,0,0,0,23,18,0,0,0,30,0,4,5,2,27,0,2,0,22,0,0
2016-17,19,West Bengal,1901,DARJILING,190133,JOREBUNGLOW_SUKHIA_BLOCK,1,PS (I-V),1,Department of Education,Urban,3,Co-Ed,1,0,0,0,0,1,0,1,1,1,0,0,0,0,0,0,0,0,1,1,0,0,0,0,0,0,0,0,0,0,0
2016-17,19,West Bengal,1901,DARJILING,190133,JOREBUNGLOW_SUKHIA_BLOCK,6,SS (I-X),5,Private Unaided (Recognized),Rural,3,Co-Ed,3,1,0,1,1,1,1,1,1,1,0,0,0,0,1,1,0,1,0,1,0,1,0,0,1,0,0,0,1,0,0
2016-17,19,West Bengal,1901,DARJILING,190133,JOREBUNGLOW_SUKHIA_BLOCK,6,SS (I-X),8,Unrecognized,Rural,3,Co-Ed,1,1,0,1,0,1,0,1,1,1,0,0,0,0,0,0,0,0,0,0,0,0,0,0,0,0,0,0,1,0,0
2016-17,19,West Bengal,1901,DARJILING,190133,JOREBUNGLOW_SUKHIA_BLOCK,7,SS (VI-X),1,Department of Education,Rural,3,Co-Ed,7,7,0,7,3,6,6,7,7,7,0,0,0,0,0,1,0,1,7,7,0,5,5,1,7,0,1,0,4,0,0
2016-17,19,West Bengal,1901,DARJILING,190133,JOREBUNGLOW_SUKHIA_BLOCK,7,SS (VI-X),5,Private Unaided (Recognized),Rural,3,Co-Ed,2,2,0,0,0,1,0,2,2,2,0,0,0,0,0,0,0,0,0,1,0,0,0,0,2,0,0,0,0,0,0
2016-17,19,West Bengal,1901,DARJILING,190133,JOREBUNGLOW_SUKHIA_BLOCK,7,SS (VI-X),7,Central Govt,Rural,3,Co-Ed,1,0,0,0,0,0,0,0,0,0,0,0,0,0,0,0,0,0,0,0,0,0,0,0,0,0,0,0,0,0,0
2016-17,19,West Bengal,1901,DARJILING,190133,JOREBUNGLOW_SUKHIA_BLOCK,2,UPS (I-VIII),5,Private Unaided (Recognized),Rural,3,Co-Ed,1,0,0,0,0,0,0,0,0,0,0,0,0,0,0,0,0,0,0,0,0,0,0,0,0,0,0,0,0,0,0
2016-17,19,West Bengal,1901,DARJILING,190133,JOREBUNGLOW_SUKHIA_BLOCK,4,UPS (VI-VIII),1,Department of Education,Rural,3,Co-Ed,12,11,0,9,2,9,5,11,11,11,0,0,0,0,3,1,0,0,12,12,0,4,6,2,11,0,1,0,3,0,0
2016-17,19,West Bengal,1901,DARJILING,190133,JOREBUNGLOW_SUKHIA_BLOCK,4,UPS (VI-VIII),5,Private Unaided (Recognized),Rural,3,Co-Ed,2,2,0,2,1,1,1,2,2,2,0,0,0,0,1,1,0,0,0,1,0,1,0,0,2,0,0,0,2,0,0
2016-17,19,West Bengal,1901,DARJILING,190133,JOREBUNGLOW_SUKHIA_BLOCK,4,UPS (VI-VIII),8,Unrecognized,Rural,3,Co-Ed,1,1,0,0,0,1,0,1,1,1,0,0,0,0,0,1,0,0,0,1,0,0,0,0,1,0,0,0,0,0,0
2016-17,19,West Bengal,1901,DARJILING,190134,KALIMPONG_I_BLOCK,3,HSS (I-XII),5,Private Unaided (Recognized),Rural,3,Co-Ed,1,1,0,1,1,1,1,1,1,1,0,0,0,0,1,1,0,1,0,1,1,0,1,1,1,0,0,0,1,0,0
2016-17,19,West Bengal,1901,DARJILING,190134,KALIMPONG_I_BLOCK,5,HSS (VI-XII),1,Department of Education,Rural,3,Co-Ed,3,2,0,3,2,3,3,3,3,3,0,0,0,0,1,1,0,1,3,3,1,3,2,3,3,0,3,0,0,0,0
2016-17,19,West Bengal,1901,DARJILING,190134,KALIMPONG_I_BLOCK,1,PS (I-V),1,Department of Education,Rural,3,Co-Ed,156,146,0,9,48,108,53,151,152,152,0,0,0,0,65,6,0,0,89,120,0,10,48,0,96,0,71,0,15,0,0
2016-17,19,West Bengal,1901,DARJILING,190134,KALIMPONG_I_BLOCK,1,PS (I-V),1,Department of Education,Urban,3,Co-Ed,1,1,0,0,1,1,0,1,1,1,0,0,0,0,0,0,0,0,1,0,0,0,0,0,0,0,1,0,0,0,0
2016-17,19,West Bengal,1901,DARJILING,190134,KALIMPONG_I_BLOCK,6,SS (I-X),7,Central Govt,Rural,3,Co-Ed,1,0,0,0,1,1,1,1,1,1,0,0,0,0,1,1,0,0,0,1,1,1,0,1,1,0,0,0,1,0,0
2016-17,19,West Bengal,1901,DARJILING,190134,KALIMPONG_I_BLOCK,7,SS (VI-X),1,Department of Education,Rural,3,Co-Ed,7,7,0,6,3,5,4,7,7,7,0,0,0,0,3,3,0,1,7,7,0,4,6,2,7,0,5,0,2,0,0
2016-17,19,West Bengal,1901,DARJILING,190134,KALIMPONG_I_BLOCK,2,UPS (I-VIII),5,Private Unaided (Recognized),Rural,3,Co-Ed,1,1,0,1,1,1,1,1,1,1,0,0,0,0,1,1,0,1,0,1,1,1,0,1,1,1,0,0,1,0,0
2016-17,19,West Bengal,1901,DARJILING,190134,KALIMPONG_I_BLOCK,4,UPS (VI-VIII),1,Department of Education,Rural,3,Co-Ed,5,0,0,2,0,1,3,5,5,5,0,0,0,0,0,0,0,0,2,3,0,0,2,0,2,0,1,0,4,0,0
2016-17,19,West Bengal,1901,DARJILING,190134,KALIMPONG_I_BLOCK,4,UPS (VI-VIII),5,Private Unaided (Recognized),Rural,3,Co-Ed,1,0,0,0,0,0,0,0,0,0,0,0,0,0,0,0,0,0,0,1,0,0,0,0,0,0,0,0,0,0,0
2016-17,19,West Bengal,1901,DARJILING,190135,KALIMPONG_II_BLOCK,5,HSS (VI-XII),1,Department of Education,Rural,3,Co-Ed,5,5,0,5,3,4,3,5,5,5,0,0,0,0,0,1,0,0,5,5,1,3,4,4,5,0,2,0,3,0,0
2016-17,19,West Bengal,1901,DARJILING,190135,KALIMPONG_II_BLOCK,1,PS (I-V),1,Department of Education,Rural,3,Co-Ed,110,92,0,8,39,77,31,95,97,98,0,0,0,0,25,4,0,0,71,104,0,3,51,0,93,0,23,0,10,0,0
2016-17,19,West Bengal,1901,DARJILING,190135,KALIMPONG_II_BLOCK,1,PS (I-V),5,Private Unaided (Recognized),Rural,3,Co-Ed,7,6,0,2,5,6,4,3,3,3,0,0,0,0,3,2,0,0,0,3,1,0,2,1,5,0,0,0,1,0,0
2016-17,19,West Bengal,1901,DARJILING,190135,KALIMPONG_II_BLOCK,6,SS (I-X),5,Private Unaided (Recognized),Rural,3,Co-Ed,1,0,0,0,1,1,1,0,0,0,0,0,0,0,1,1,0,1,0,1,0,1,0,1,1,0,0,0,1,0,0
2016-17,19,West Bengal,1901,DARJILING,190135,KALIMPONG_II_BLOCK,7,SS (VI-X),1,Department of Education,Rural,3,Co-Ed,5,4,0,5,0,3,0,4,4,4,0,0,0,0,0,1,0,0,5,5,0,5,5,2,4,0,3,0,1,0,0
2016-17,19,West Bengal,1901,DARJILING,190135,KALIMPONG_II_BLOCK,7,SS (VI-X),5,Private Unaided (Recognized),Rural,3,Co-Ed,2,0,0,0,0,0,0,0,0,0,0,0,0,0,0,0,0,0,0,0,0,0,0,0,0,0,0,0,0,0,0
2016-17,19,West Bengal,1901,DARJILING,190135,KALIMPONG_II_BLOCK,2,UPS (I-VIII),5,Private Unaided (Recognized),Rural,3,Co-Ed,1,1,0,0,1,1,1,0,0,0,0,0,0,0,0,1,0,0,0,0,0,0,0,0,1,0,0,0,0,0,0
2016-17,19,West Bengal,1901,DARJILING,190135,KALIMPONG_II_BLOCK,4,UPS (VI-VIII),1,Department of Education,Rural,3,Co-Ed,12,6,0,5,1,4,4,12,11,12,0,0,0,0,1,1,0,0,5,8,0,7,7,1,6,0,0,0,4,0,0
2016-17,19,West Bengal,1901,DARJILING,190135,KALIMPONG_II_BLOCK,4,UPS (VI-VIII),5,Private Unaided (Recognized),Rural,3,Co-Ed,1,0,0,0,0,0,0,0,0,0,0,0,0,0,0,0,0,0,0,0,0,0,0,0,0,0,0,0,0,0,0
2016-17,19,West Bengal,1901,DARJILING,190136,GORUBATHAN_BLOCK,5,HSS (VI-XII),1,Department of Education,Rural,3,Co-Ed,3,3,0,3,2,3,2,3,3,3,0,0,0,0,1,2,0,0,3,3,0,3,2,3,2,0,2,0,1,0,0
2016-17,19,West Bengal,1901,DARJILING,190136,GORUBATHAN_BLOCK,1,PS (I-V),1,Department of Education,Rural,3,Co-Ed,114,106,0,2,45,108,34,103,106,106,0,0,0,0,38,6,0,0,88,108,0,3,86,3,103,0,59,0,31,0,0
2016-17,19,West Bengal,1901,DARJILING,190136,GORUBATHAN_BLOCK,1,PS (I-V),5,Private Unaided (Recognized),Rural,3,Co-Ed,17,17,0,10,10,17,8,17,17,17,0,0,0,0,11,9,0,0,0,15,0,3,4,3,13,0,0,0,11,0,0
2016-17,19,West Bengal,1901,DARJILING,190136,GORUBATHAN_BLOCK,1,PS (I-V),8,Unrecognized,Rural,3,Co-Ed,1,1,0,1,0,1,1,1,1,1,0,0,0,0,0,1,0,0,0,1,0,1,0,0,1,0,0,0,1,0,0
2016-17,19,West Bengal,1901,DARJILING,190136,GORUBATHAN_BLOCK,6,SS (I-X),5,Private Unaided (Recognized),Rural,3,Co-Ed,1,1,0,1,1,1,0,1,1,1,0,0,0,0,0,1,0,0,0,1,0,1,0,1,1,0,0,0,1,0,0
2016-17,19,West Bengal,1901,DARJILING,190136,GORUBATHAN_BLOCK,7,SS (VI-X),1,Department of Education,Rural,3,Co-Ed,4,4,0,4,1,4,3,4,4,4,0,0,0,0,1,3,0,0,4,4,0,3,3,2,4,0,4,0,0,0,0
2016-17,19,West Bengal,1901,DARJILING,190136,GORUBATHAN_BLOCK,7,SS (VI-X),5,Private Unaided (Recognized),Rural,3,Co-Ed,1,1,0,1,0,0,0,1,1,1,0,0,0,0,0,1,0,0,0,1,0,0,0,0,0,0,0,0,1,0,0
2016-17,19,West Bengal,1901,DARJILING,190136,GORUBATHAN_BLOCK,2,UPS (I-VIII),5,Private Unaided (Recognized),Rural,3,Co-Ed,8,8,0,7,8,8,5,8,8,8,0,0,0,0,5,7,0,0,0,5,0,6,3,3,6,0,0,0,8,0,0
2016-17,19,West Bengal,1901,DARJILING,190136,GORUBATHAN_BLOCK,2,UPS (I-VIII),8,Unrecognized,Rural,3,Co-Ed,1,1,0,1,1,1,0,1,1,1,0,0,0,0,1,1,0,0,0,1,0,0,0,0,1,0,0,0,1,0,0
2016-17,19,West Bengal,1901,DARJILING,190136,GORUBATHAN_BLOCK,4,UPS (VI-VIII),1,Department of Education,Rural,3,Co-Ed,14,11,0,9,3,13,8,11,12,13,0,0,0,0,2,2,0,0,14,14,0,7,10,3,13,0,0,0,5,0,0
2016-17,19,West Bengal,1901,DARJILING,190136,GORUBATHAN_BLOCK,4,UPS (VI-VIII),5,Private Unaided (Recognized),Rural,3,Co-Ed,3,3,0,1,1,2,2,2,2,2,0,0,0,0,1,1,0,0,0,2,0,1,1,2,2,0,0,0,1,0,0
2016-17,19,West Bengal,1901,DARJILING,190137,DARJEELING_MUNICIPALITY,3,HSS (I-XII),5,Private Unaided (Recognized),Rural,1,Boys,1,0,0,0,0,0,0,0,0,0,0,0,0,0,0,0,0,0,0,0,0,0,0,0,0,0,0,0,0,0,0
2016-17,19,West Bengal,1901,DARJILING,190137,DARJEELING_MUNICIPALITY,3,HSS (I-XII),4,Government Aided,Urban,1,Boys,1,1,0,1,1,1,1,1,1,1,0,0,0,0,1,1,0,1,0,1,1,1,1,1,1,1,0,0,1,0,0
2016-17,19,West Bengal,1901,DARJILING,190137,DARJEELING_MUNICIPALITY,3,HSS (I-XII),5,Private Unaided (Recognized),Urban,2,Girls,1,1,0,1,1,1,1,0,1,1,0,0,0,0,1,1,0,0,0,1,1,1,1,1,1,0,0,0,1,0,0
2016-17,19,West Bengal,1901,DARJILING,190137,DARJEELING_MUNICIPALITY,3,HSS (I-XII),4,Government Aided,Urban,3,Co-Ed,1,1,0,1,1,1,1,1,1,1,0,0,0,0,1,1,0,1,0,1,1,1,1,1,1,1,1,0,1,0,0
2016-17,19,West Bengal,1901,DARJILING,190137,DARJEELING_MUNICIPALITY,3,HSS (I-XII),5,Private Unaided (Recognized),Urban,3,Co-Ed,4,4,0,4,4,4,4,4,4,4,0,0,0,0,4,4,0,4,0,4,2,4,1,3,4,2,0,0,4,0,0
2016-17,19,West Bengal,1901,DARJILING,190137,DARJEELING_MUNICIPALITY,3,HSS (I-XII),7,Central Govt,Urban,3,Co-Ed,1,1,0,1,1,1,1,1,1,1,0,0,0,0,0,1,0,0,0,1,0,1,0,1,1,0,0,0,1,0,0
2016-17,19,West Bengal,1901,DARJILING,190137,DARJEELING_MUNICIPALITY,5,HSS (VI-XII),1,Department of Education,Urban,1,Boys,4,4,0,4,3,4,4,4,4,4,0,0,0,0,1,3,0,4,3,3,3,4,2,4,4,1,0,0,3,0,0
2016-17,19,West Bengal,1901,DARJILING,190137,DARJEELING_MUNICIPALITY,5,HSS (VI-XII),1,Department of Education,Urban,2,Girls,3,2,0,3,1,3,3,3,3,3,0,0,0,0,1,3,0,3,2,1,2,3,2,2,3,1,0,0,3,0,0
2016-17,19,West Bengal,1901,DARJILING,190137,DARJEELING_MUNICIPALITY,5,HSS (VI-XII),1,Department of Education,Urban,3,Co-Ed,3,3,0,2,1,2,3,3,3,3,0,0,0,0,1,3,0,1,2,1,2,3,2,3,2,0,0,0,2,0,0
2016-17,19,West Bengal,1901,DARJILING,190137,DARJEELING_MUNICIPALITY,1,PS (I-V),1,Department of Education,Urban,1,Boys,3,2,0,1,0,0,2,3,3,3,0,0,0,0,0,0,0,0,2,2,0,0,2,0,2,0,1,0,1,0,0
2016-17,19,West Bengal,1901,DARJILING,190137,DARJEELING_MUNICIPALITY,1,PS (I-V),1,Department of Education,Urban,2,Girls,3,2,0,0,2,2,2,3,3,3,0,0,0,0,2,3,0,0,2,3,0,1,3,0,3,0,2,0,1,0,0
2016-17,19,West Bengal,1901,DARJILING,190137,DARJEELING_MUNICIPALITY,1,PS (I-V),1,Department of Education,Rural,3,Co-Ed,1,1,0,0,0,0,1,1,1,1,0,0,0,0,1,0,0,0,1,0,0,0,0,0,0,0,0,0,0,0,0
2016-17,19,West Bengal,1901,DARJILING,190137,DARJEELING_MUNICIPALITY,1,PS (I-V),1,Department of Education,Urban,3,Co-Ed,45,39,0,2,8,12,28,45,45,45,0,0,0,0,19,15,0,0,31,22,0,6,33,0,20,0,8,0,12,0,0
2016-17,19,West Bengal,1901,DARJILING,190137,DARJEELING_MUNICIPALITY,1,PS (I-V),5,Private Unaided (Recognized),Urban,3,Co-Ed,8,7,0,5,5,5,7,8,8,8,0,0,0,0,5,5,0,0,0,4,0,4,4,2,4,0,0,0,6,0,0
2016-17,19,West Bengal,1901,DARJILING,190137,DARJEELING_MUNICIPALITY,1,PS (I-V),7,Central Govt,Urban,3,Co-Ed,1,1,0,0,1,1,1,0,0,0,0,0,0,0,1,0,0,0,0,1,0,1,1,0,1,0,0,0,1,0,0
2016-17,19,West Bengal,1901,DARJILING,190137,DARJEELING_MUNICIPALITY,6,SS (I-X),5,Private Unaided (Recognized),Urban,3,Co-Ed,3,3,0,3,3,3,3,3,3,3,0,0,0,0,2,3,0,3,0,1,3,3,2,3,3,0,0,0,3,0,0
2016-17,19,West Bengal,1901,DARJILING,190137,DARJEELING_MUNICIPALITY,7,SS (VI-X),1,Department of Education,Urban,2,Girls,2,1,0,2,2,2,2,2,2,2,0,0,0,0,0,1,0,0,2,1,1,2,1,1,2,0,1,0,2,0,0
2016-17,19,West Bengal,1901,DARJILING,190137,DARJEELING_MUNICIPALITY,7,SS (VI-X),1,Department of Education,Urban,3,Co-Ed,1,1,0,1,0,1,1,1,1,1,0,0,0,0,0,0,0,1,1,1,0,1,1,0,0,0,0,0,1,0,0
2016-17,19,West Bengal,1901,DARJILING,190137,DARJEELING_MUNICIPALITY,7,SS (VI-X),5,Private Unaided (Recognized),Urban,3,Co-Ed,1,1,0,0,0,1,0,1,1,1,0,0,0,0,0,1,0,0,0,1,0,1,0,0,1,0,0,0,1,0,0
2016-17,19,West Bengal,1901,DARJILING,190137,DARJEELING_MUNICIPALITY,2,UPS (I-VIII),5,Private Unaided (Recognized),Rural,3,Co-Ed,1,0,0,0,0,0,0,0,0,0,0,0,0,0,0,0,0,0,0,0,0,0,0,0,0,0,0,0,0,0,0
2016-17,19,West Bengal,1901,DARJILING,190137,DARJEELING_MUNICIPALITY,2,UPS (I-VIII),5,Private Unaided (Recognized),Urban,3,Co-Ed,3,3,0,3,2,3,3,3,3,3,0,0,0,0,3,3,0,1,0,3,1,3,1,3,3,0,0,0,2,0,0
2016-17,19,West Bengal,1901,DARJILING,190137,DARJEELING_MUNICIPALITY,4,UPS (VI-VIII),1,Department of Education,Urban,1,Boys,2,2,0,2,0,1,1,2,2,2,0,0,0,0,0,0,0,0,1,1,0,0,1,0,2,0,0,0,1,0,0
2016-17,19,West Bengal,1901,DARJILING,190137,DARJEELING_MUNICIPALITY,4,UPS (VI-VIII),1,Department of Education,Urban,2,Girls,1,1,0,1,0,1,1,1,1,1,0,0,0,0,0,0,0,0,1,1,0,0,0,0,1,0,0,0,1,0,0
2016-17,19,West Bengal,1901,DARJILING,190137,DARJEELING_MUNICIPALITY,4,UPS (VI-VIII),1,Department of Education,Urban,3,Co-Ed,2,2,0,2,1,2,2,2,2,2,0,0,0,0,1,1,0,0,2,1,0,2,2,1,2,0,0,0,2,0,0
2016-17,19,West Bengal,1901,DARJILING,190138,KALIMPONG_MUNICIPALITY,3,HSS (I-XII),1,Department of Education,Urban,1,Boys,1,1,0,1,1,1,1,1,1,1,0,0,0,0,0,1,0,1,1,1,1,1,0,1,1,1,0,0,1,0,0
2016-17,19,West Bengal,1901,DARJILING,190138,KALIMPONG_MUNICIPALITY,3,HSS (I-XII),5,Private Unaided (Recognized),Urban,1,Boys,1,1,0,1,1,1,1,1,1,1,0,0,0,0,1,1,0,1,0,1,1,1,0,1,1,0,0,0,1,0,0
2016-17,19,West Bengal,1901,DARJILING,190138,KALIMPONG_MUNICIPALITY,3,HSS (I-XII),1,Department of Education,Urban,2,Girls,2,2,0,2,0,2,2,2,2,2,0,0,0,0,1,2,0,2,2,2,2,2,1,2,2,1,2,0,0,0,0
2016-17,19,West Bengal,1901,DARJILING,190138,KALIMPONG_MUNICIPALITY,3,HSS (I-XII),5,Private Unaided (Recognized),Urban,2,Girls,1,1,0,1,1,1,1,1,1,1,0,0,0,0,1,1,0,0,0,1,1,1,1,1,1,1,0,0,0,0,0
2016-17,19,West Bengal,1901,DARJILING,190138,KALIMPONG_MUNICIPALITY,3,HSS (I-XII),7,Central Govt,Urban,3,Co-Ed,1,1,0,1,1,1,1,1,1,1,0,0,0,0,1,1,0,1,0,1,1,1,1,1,1,1,0,0,1,0,0
2016-17,19,West Bengal,1901,DARJILING,190138,KALIMPONG_MUNICIPALITY,5,HSS (VI-XII),1,Department of Education,Urban,1,Boys,1,1,0,1,0,1,1,1,1,1,0,0,0,0,0,1,0,0,1,1,1,1,1,1,1,0,0,0,0,0,0
2016-17,19,West Bengal,1901,DARJILING,190138,KALIMPONG_MUNICIPALITY,5,HSS (VI-XII),1,Department of Education,Urban,2,Girls,1,1,0,1,0,1,1,1,1,1,0,0,0,0,0,1,0,1,1,1,0,1,0,0,1,0,1,0,0,0,0
2016-17,19,West Bengal,1901,DARJILING,190138,KALIMPONG_MUNICIPALITY,5,HSS (VI-XII),1,Department of Education,Urban,3,Co-Ed,2,2,0,1,1,2,1,2,2,2,0,0,0,0,0,1,0,0,2,2,0,2,1,2,2,0,1,0,1,0,0
2016-17,19,West Bengal,1901,DARJILING,190138,KALIMPONG_MUNICIPALITY,1,PS (I-V),1,Department of Education,Urban,2,Girls,1,1,0,0,1,1,0,1,1,1,0,0,0,0,0,0,0,0,1,1,0,0,0,0,0,0,1,0,0,0,0
2016-17,19,West Bengal,1901,DARJILING,190138,KALIMPONG_MUNICIPALITY,1,PS (I-V),1,Department of Education,Urban,3,Co-Ed,17,16,0,6,7,13,8,13,15,15,0,0,0,0,5,1,0,0,14,11,0,1,8,2,11,0,15,0,4,0,0
2016-17,19,West Bengal,1901,DARJILING,190138,KALIMPONG_MUNICIPALITY,1,PS (I-V),4,Government Aided,Urban,3,Co-Ed,1,1,0,0,1,1,1,1,1,1,0,0,0,0,0,1,0,0,1,0,0,0,1,0,1,0,0,0,1,0,0
2016-17,19,West Bengal,1901,DARJILING,190138,KALIMPONG_MUNICIPALITY,6,SS (I-X),5,Private Unaided (Recognized),Urban,3,Co-Ed,1,1,0,1,1,1,1,1,1,1,0,0,0,0,1,1,0,1,0,1,1,1,1,1,1,0,0,0,1,0,0
2016-17,19,West Bengal,1901,DARJILING,190138,KALIMPONG_MUNICIPALITY,7,SS (VI-X),1,Department of Education,Urban,3,Co-Ed,1,1,0,0,1,1,1,1,1,1,0,0,0,0,1,1,0,1,1,1,0,1,0,1,1,0,1,0,0,0,0
2016-17,19,West Bengal,1901,DARJILING,190138,KALIMPONG_MUNICIPALITY,4,UPS (VI-VIII),1,Department of Education,Urban,3,Co-Ed,2,2,0,2,2,2,1,2,2,2,0,0,0,0,1,1,0,0,1,1,0,2,1,0,1,0,1,0,1,0,0
2016-17,19,West Bengal,1901,DARJILING,190139,KURSEONG_MUNICIPALITY,3,HSS (I-XII),5,Private Unaided (Recognized),Urban,3,Co-Ed,1,1,0,1,1,1,1,1,1,1,0,0,0,0,1,1,0,0,0,1,1,1,1,1,1,0,0,0,1,0,0
2016-17,19,West Bengal,1901,DARJILING,190139,KURSEONG_MUNICIPALITY,5,HSS (VI-XII),1,Department of Education,Urban,1,Boys,3,3,0,3,3,3,3,3,3,3,0,0,0,0,2,2,0,1,2,2,1,3,3,3,2,0,0,0,3,0,0
2016-17,19,West Bengal,1901,DARJILING,190139,KURSEONG_MUNICIPALITY,5,HSS (VI-XII),1,Department of Education,Urban,2,Girls,3,2,0,3,2,2,3,3,3,3,0,0,0,0,1,2,0,2,3,2,2,3,3,1,3,0,1,0,1,0,0
2016-17,19,West Bengal,1901,DARJILING,190139,KURSEONG_MUNICIPALITY,11,HSS (XI-XII),1,Department of Education,Urban,3,Co-Ed,1,0,0,0,0,0,0,0,0,0,0,0,0,0,0,0,0,0,0,0,0,0,0,0,0,0,0,0,0,0,0
2016-17,19,West Bengal,1901,DARJILING,190139,KURSEONG_MUNICIPALITY,1,PS (I-V),1,Department of Education,Urban,1,Boys,3,3,0,0,1,2,1,3,3,3,0,0,0,0,1,1,0,0,3,2,0,0,2,0,2,0,2,0,1,0,0
2016-17,19,West Bengal,1901,DARJILING,190139,KURSEONG_MUNICIPALITY,1,PS (I-V),1,Department of Education,Urban,2,Girls,2,2,0,0,1,1,2,2,2,2,0,0,0,0,1,1,0,0,1,2,0,0,1,0,2,0,1,0,1,0,0
2016-17,19,West Bengal,1901,DARJILING,190139,KURSEONG_MUNICIPALITY,1,PS (I-V),1,Department of Education,Urban,3,Co-Ed,16,14,0,0,6,12,12,13,15,15,0,0,0,0,6,4,0,0,12,9,0,0,11,0,5,0,10,0,6,0,0
2016-17,19,West Bengal,1901,DARJILING,190139,KURSEONG_MUNICIPALITY,1,PS (I-V),5,Private Unaided (Recognized),Urban,3,Co-Ed,1,0,0,1,0,0,0,0,0,0,0,0,0,0,0,0,0,0,0,0,0,0,0,0,0,0,0,0,0,0,0
2016-17,19,West Bengal,1901,DARJILING,190139,KURSEONG_MUNICIPALITY,6,SS (I-X),1,Department of Education,Urban,1,Boys,1,1,0,1,1,1,1,0,1,1,0,0,0,0,1,1,0,1,0,1,0,1,1,1,1,0,1,0,1,0,0
2016-17,19,West Bengal,1901,DARJILING,190139,KURSEONG_MUNICIPALITY,6,SS (I-X),5,Private Unaided (Recognized),Urban,2,Girls,1,1,0,1,1,1,1,1,1,1,0,0,0,0,1,1,0,1,0,0,0,1,0,1,1,1,0,0,1,0,0
2016-17,19,West Bengal,1901,DARJILING,190139,KURSEONG_MUNICIPALITY,6,SS (I-X),5,Private Unaided (Recognized),Rural,3,Co-Ed,1,1,0,1,0,1,1,1,1,1,0,0,0,0,0,1,0,1,0,1,0,1,0,1,1,1,0,0,1,0,0
2016-17,19,West Bengal,1901,DARJILING,190139,KURSEONG_MUNICIPALITY,6,SS (I-X),1,Department of Education,Urban,3,Co-Ed,1,1,0,1,1,1,1,1,1,1,0,0,0,0,1,1,0,1,0,1,0,1,1,1,1,1,0,0,1,0,0
2016-17,19,West Bengal,1901,DARJILING,190139,KURSEONG_MUNICIPALITY,6,SS (I-X),5,Private Unaided (Recognized),Urban,3,Co-Ed,8,5,0,5,4,5,5,5,5,5,0,0,0,0,4,4,0,3,0,1,3,5,3,4,4,2,1,0,4,0,0
2016-17,19,West Bengal,1901,DARJILING,190139,KURSEONG_MUNICIPALITY,7,SS (VI-X),1,Department of Education,Urban,2,Girls,1,0,0,1,0,1,1,1,0,1,0,0,0,0,0,1,0,0,1,1,0,1,1,1,0,0,0,0,0,0,0
2016-17,19,West Bengal,1901,DARJILING,190139,KURSEONG_MUNICIPALITY,2,UPS (I-VIII),5,Private Unaided (Recognized),Urban,3,Co-Ed,1,1,0,1,1,1,1,1,1,1,0,0,0,0,1,1,0,0,0,1,0,1,1,1,1,0,0,0,1,0,0
2016-17,19,West Bengal,1901,DARJILING,190140,MIRIK_MUNICIPALITY,5,HSS (VI-XII),1,Department of Education,Urban,3,Co-Ed,1,1,0,1,1,1,1,1,1,1,0,0,0,0,1,0,0,0,1,1,0,1,1,0,1,1,1,0,1,0,0
2016-17,19,West Bengal,1901,DARJILING,190140,MIRIK_MUNICIPALITY,1,PS (I-V),5,Private Unaided (Recognized),Rural,3,Co-Ed,1,0,0,0,0,1,0,1,1,1,0,0,0,0,0,0,0,0,0,0,0,0,0,0,0,0,0,0,0,0,0
2016-17,19,West Bengal,1901,DARJILING,190140,MIRIK_MUNICIPALITY,1,PS (I-V),1,Department of Education,Urban,3,Co-Ed,3,3,0,0,1,1,3,3,3,3,0,0,0,0,0,0,0,0,3,1,0,0,2,0,1,0,2,0,2,0,0
2016-17,19,West Bengal,1901,DARJILING,190140,MIRIK_MUNICIPALITY,1,PS (I-V),5,Private Unaided (Recognized),Urban,3,Co-Ed,1,1,0,1,1,1,1,1,1,1,0,0,0,0,0,1,0,0,0,1,0,0,1,1,1,0,0,0,0,0,0
2016-17,19,West Bengal,1901,DARJILING,190140,MIRIK_MUNICIPALITY,6,SS (I-X),5,Private Unaided (Recognized),Urban,3,Co-Ed,3,2,0,1,2,2,2,1,1,1,0,0,0,0,1,1,0,3,0,1,1,3,1,2,3,2,0,0,2,0,0
2016-17,19,West Bengal,1901,DARJILING,190140,MIRIK_MUNICIPALITY,4,UPS (VI-VIII),5,Private Unaided (Recognized),Urban,3,Co-Ed,2,2,0,0,0,1,0,1,1,1,0,0,0,0,1,1,0,0,0,1,1,1,0,1,2,0,0,0,2,0,0
2016-17,19,West Bengal,1901,DARJILING,,,4,UPS (VI-VIII),5,Private Unaided (Recognized),Rural,3,Co-Ed,1,0,0,0,0,0,0,0,0,0,0,0,0,0,0,0,0,0,0,0,0,0,0,0,0,0,0,0,0,0,0
